profile_pic,nums_length_username,fullname_words,nums_length_fullname,name_username_match,description_length,external_url,private,posts,followers,following,fake,follower_following_ratio
1,0.34132687466663447,1,0.1417525641372741,1,141,1,1,1347,27998,819,0,34.14390243902439
1,0.2589368537492365,2,0.011681848363693613,0,144,1,0,182,72398,1266,0,57.141278610891874
1,0.39299303224049914,2,0.040602540645259665,0,116,0,1,1613,23534,946,0,24.851108764519534
1,0.35560024432586634,3,0.0038758458330016786,1,140,0,1,697,78448,1102,0,71.12239347234814
1,0.3608381844937258,1,0.26299522854846014,0,42,0,0,2,74,71,1,1.0277777777777777
1,0.3103509017878772,3,0.03493527579742225,1,84,1,0,778,83878,851,0,98.44835680751174
1,0.1267616550882499,3,0.04020707810679566,0,63,0,1,873,28020,917,0,30.522875816993466
1,0.29326415125471983,1,0.0011036744438121804,0,46,1,1,1382,3565,1382,0,2.5777295733911787
1,0.179188662552876,2,0.09927904683225082,0,22,0,0,767,35209,1426,0,24.67344078486335
1,0.5195703598730139,2,0.11979477474279243,0,58,1,0,3,270,333,1,0.8083832335329342
1,0.2502599651765813,2,0.10285691532370213,0,119,1,0,941,3520,682,0,5.153733528550513
1,0.2882440885574228,1,0.007091575813900918,0,76,1,0,18,273,374,1,0.728
1,0.28062610624117695,3,0.14534165957614367,0,131,0,0,933,85115,1459,0,58.29794520547945
1,0.066615405398908,2,0.11609926309410135,1,89,1,0,339,81674,1460,0,55.90280629705681
1,0.15012853830920553,2,0.04308865423156014,1,62,0,0,803,1044,622,0,1.6757624398073836
1,0.2514936060239972,2,0.14156611805172242,0,67,0,0,459,90432,941,0,96.0
1,0.6163690666802601,2,0.011527904688697499,0,54,0,0,0,237,385,1,0.6139896373056994
1,0.04186417613859246,3,0.11584013352562586,1,131,0,1,1028,56371,644,0,87.3968992248062
1,0.2648928633318372,1,0.13811346765821006,0,44,1,0,1051,2626,839,0,3.126190476190476
0,0.4011183449875406,1,0.11458189189586876,0,56,0,0,2,332,432,1,0.766743648960739
1,0.1782071257972645,2,0.0835877749977616,0,30,1,0,303,53971,353,0,152.46045197740114
1,0.44623809619379695,2,0.2370091308921184,0,50,0,0,18,333,332,1,1.0
0,0.36244680388613226,1,0.06405340989320157,0,10,1,0,12,169,345,1,0.4884393063583815
1,0.20606681135463553,3,0.06831983580095426,0,85,0,1,1918,82601,1385,0,59.596681096681095
1,0.6561367159338121,1,0.04560745593859443,0,1,0,0,17,133,322,1,0.4117647058823529
1,0.7263203244878651,1,0.26598126457214,0,12,0,0,12,467,465,1,1.002145922746781
1,0.3671542034191752,3,0.09701146863465622,0,38,0,0,16,171,160,1,1.062111801242236
1,0.2927490949146003,2,0.14486556658264307,1,118,1,0,200,46122,560,0,82.21390374331551
1,0.18222671279604352,3,0.14076714606156113,0,27,1,1,1850,3288,1027,0,3.198443579766537
1,0.00676511996864293,2,0.1093860373646352,0,48,0,0,1937,28214,1079,0,26.124074074074073
1,0.25120980084718636,1,0.03645041289027542,0,32,0,0,0,342,62,1,5.428571428571429
1,0.42637049786277365,2,0.27810029037728856,0,30,0,0,1,122,215,1,0.5648148148148148
1,0.3905826117741641,3,0.006162354743333293,1,80,0,0,439,92661,1416,0,65.3923782639379
1,0.4676034637747735,2,0.08465612240796004,0,68,1,1,14,307,439,1,0.6977272727272728
0,0.42398558976785183,3,0.2453355989570835,0,49,1,0,5,434,312,1,1.3865814696485623
1,0.2926176291645214,2,0.28893453347675213,0,41,0,1,10,344,421,1,0.8151658767772512
1,0.21148292795362106,1,0.009998974473495913,0,146,1,0,144,17201,993,0,17.30482897384306
1,0.12378781963544037,4,0.0697916296913885,0,29,1,0,889,83070,338,0,245.04424778761063
0,0.015602568305127252,3,0.03571872648809981,0,126,0,1,580,87583,1076,0,81.32126276694522
1,0.5721857308120788,2,0.2700069370194033,0,0,0,1,19,392,179,1,2.1777777777777776
1,0.6425007488658492,2,0.23961425749637236,0,67,0,0,8,443,220,1,2.004524886877828
1,0.6005346431126164,1,0.08224819996794176,0,7,1,0,13,97,149,1,0.6466666666666666
0,0.27479760872196013,2,0.0795139284975012,0,14,0,0,12,98,471,1,0.2076271186440678
1,0.39447071891347796,2,0.007810860933190461,0,76,1,0,258,98212,175,0,558.0227272727273
0,0.7534996287063775,2,0.003632542570466235,0,66,1,0,16,347,475,1,0.7289915966386554
1,0.6333515410358399,3,0.13128093721661757,0,6,1,0,13,486,162,1,2.98159509202454
1,0.3744706256666021,3,0.02396241903509163,0,85,1,0,314,91694,1446,0,63.36834830684174
1,0.012141522213201706,2,0.01892064870242281,0,78,1,0,764,55252,65,0,837.1515151515151
0,0.5459098853085522,2,0.023117483740299347,0,64,0,0,17,399,430,1,0.925754060324826
1,0.38318842659298163,2,0.019756430280953263,0,96,1,0,1131,30888,502,0,61.40755467196819
1,0.17737564113441762,3,0.047188145012109974,1,22,1,1,794,95165,825,0,115.21186440677967
1,0.07532100996684257,1,0.013400985343780024,0,79,1,0,1549,88038,93,0,936.5744680851063
1,0.38703324067732897,2,0.2533071248218848,0,24,0,0,11,65,258,1,0.25096525096525096
1,0.1545150820582181,1,0.06371912719971176,0,40,0,1,1959,88813,1133,0,78.31834215167548
1,0.7052713538814253,3,0.030426248534764954,0,66,0,0,18,17,166,1,0.10179640718562874
1,0.6877406054780466,1,0.09339230974680109,0,75,0,0,10,382,190,1,2.0
1,0.28161258103666276,1,0.13599799454279984,1,107,0,0,65,79071,1339,0,59.00820895522388
0,0.5680491175614739,1,0.24389572161482803,0,18,0,0,9,431,309,1,1.3903225806451613
1,0.3087398396993961,1,0.036415481826728664,0,7,0,0,15,145,76,1,1.8831168831168832
1,0.34344004279299933,3,0.04808513790247485,0,23,0,0,1970,4231,948,0,4.458377239199157
1,0.7592709694901676,1,0.21489701641880468,0,44,0,0,5,75,214,1,0.3488372093023256
1,0.7259921615950071,3,0.06842393158467974,0,12,1,0,9,11,483,1,0.022727272727272728
1,0.09531586822123664,2,0.1334754591132466,0,101,1,1,1969,346,1048,0,0.32983794089609153
0,0.6089016333343577,3,0.195060327719446,0,30,0,0,7,170,144,1,1.1724137931034482
1,0.08703517597265781,2,0.003155535369070295,1,56,1,1,1307,92421,1303,0,70.875
1,0.11706203906696314,1,0.12624231896367227,0,147,1,0,1578,90581,639,0,141.5328125
1,0.2526889673306336,1,0.11707067075702324,0,141,1,1,602,36876,1043,0,35.32183908045977
1,0.1009290977054981,2,0.04541514114261375,0,96,0,0,1996,29006,795,0,36.43969849246231
1,0.5083936934958866,1,0.17598253895264224,0,29,0,0,11,257,148,1,1.7248322147651007
1,0.08975319191991821,2,0.09008021523096223,1,80,0,0,1685,31253,1130,0,27.633068081343943
1,0.41856191662884534,2,0.24010695234670845,0,20,0,0,3,84,129,1,0.6461538461538462
0,0.5541384001214523,1,0.04060622468330566,0,66,0,0,19,387,487,1,0.7930327868852459
1,0.09664051057430521,2,0.11502733467266596,0,70,0,0,1987,4776,1397,0,3.4163090128755367
1,0.3647274278157788,2,0.055573715558927136,0,38,1,0,555,86979,1128,0,77.04074402125775
1,0.5035332073306796,2,0.15366657624380234,0,31,1,0,18,150,497,1,0.30120481927710846
1,0.7683700037670893,1,0.15552240658356123,0,6,1,0,4,426,374,1,1.136
1,0.366039381796012,3,0.10720441335099333,0,49,0,1,1669,99545,918,0,108.31882480957563
1,0.277495649090897,1,0.15754901510011804,0,34,0,0,16,199,361,1,0.5497237569060773
1,0.39333630736569064,3,0.14213476894860644,0,135,1,0,904,3021,181,0,16.5989010989011
1,0.7553411077440659,2,0.05555867036024038,0,8,0,0,8,252,263,1,0.9545454545454546
0,0.32318293124360764,1,0.126799496353309,0,92,0,0,1646,4881,1032,0,4.7250726040658275
0,0.43534642705983945,1,0.20026496978744113,0,33,1,0,12,234,424,1,0.5505882352941176
1,0.2899504564092643,1,0.09462206872440382,0,36,1,0,12,146,171,1,0.8488372093023255
1,0.4624849532142375,1,0.028660594150400454,0,45,0,0,6,189,119,1,1.575
0,0.2328569832932188,1,0.18739907065627912,0,70,1,0,0,293,498,1,0.5871743486973948
1,0.20443752858895922,2,0.09427558501253518,1,99,0,0,835,19494,391,0,49.72959183673469
1,0.23816592064804337,3,0.02347938201236118,0,37,1,1,1376,24574,1277,0,19.22848200312989
1,0.1540232222875847,4,0.0782746312957784,0,129,1,1,1327,14790,524,0,28.17142857142857
0,0.12466116666185956,2,0.06809382495717896,0,25,1,0,1582,38097,1207,0,31.537251655629138
1,0.40817192113773665,2,0.29054663327831515,0,71,0,0,4,418,332,1,1.2552552552552552
1,0.2118263226526185,3,0.19088740619377442,0,75,1,1,7,312,58,1,5.288135593220339
1,0.5990220047277534,2,0.06618358581336338,1,21,1,0,13,41,65,1,0.6212121212121212
1,0.19933321131769488,2,0.10104147479950426,0,100,1,1,1456,2019,65,0,30.59090909090909
1,0.27457833409132687,2,0.29510367757902406,0,44,0,0,16,42,384,1,0.10909090909090909
1,0.019506527525256168,3,0.1227540962092825,0,22,1,0,871,22291,942,0,23.638388123011666
0,0.21103440592848005,1,0.0809462160384643,0,44,0,0,10,490,477,1,1.0251046025104602
1,0.1262673924656264,3,0.08945903995386922,0,136,1,1,813,98304,123,0,792.7741935483871
1,0.2768275033746635,3,0.12845988447768442,0,65,0,0,12,94,64,1,1.4461538461538461
1,0.20872679940072916,1,0.08244181066444083,0,62,0,0,2,246,408,1,0.6014669926650367
1,0.23150259054399971,2,0.1119678193285671,0,26,0,0,904,89442,1410,0,63.38908575478384
1,0.24415042391267683,2,0.0012743367910814263,0,56,1,1,89,57988,995,0,58.22088353413655
1,0.6499762822395068,2,0.24478408169058516,0,60,1,0,19,157,278,1,0.5627240143369175
1,0.28775526222992814,2,0.02470963441215926,0,32,1,0,1768,27499,59,0,458.31666666666666
1,0.5720436535571082,1,0.28787299329631,0,11,0,0,3,147,63,1,2.296875
1,0.024362217294073087,3,0.09712796933552446,0,50,0,1,280,2024,856,0,2.3617269544924153
1,0.11756670420197352,1,0.07237395907914944,0,71,0,0,70,406,801,0,0.5062344139650873
1,0.2276825852517711,2,0.06204982853748104,1,66,0,0,1110,15390,927,0,16.584051724137932
1,0.054298341239960426,2,0.14424171633816701,0,59,1,0,525,96459,822,0,117.2041312272175
0,0.31194021443078346,1,0.034909919365642826,0,50,0,1,12,15,428,1,0.03496503496503497
1,0.3640784496578786,2,0.0002142514618765079,0,131,1,0,975,94919,740,0,128.09581646423752
1,0.39611406823397655,2,0.0873217204222113,0,104,1,0,422,47103,531,0,88.53947368421052
1,0.0736405293443828,1,0.08584257218130018,1,144,0,0,1649,87143,836,0,104.11350059737157
1,0.2834334183071301,2,0.14628668029259378,0,63,1,0,1341,83797,383,0,218.22135416666666
1,0.14099241877734045,1,0.026749726864232447,1,105,0,0,867,95964,655,0,146.28658536585365
1,0.24551799686519837,2,0.20854336621427813,0,15,0,0,9,363,410,1,0.8832116788321168
1,0.7906413084221313,1,0.16819802832485128,1,34,0,0,10,152,105,1,1.4339622641509433
0,0.7576255934765517,1,0.03975740182255453,0,22,0,0,15,112,422,1,0.2647754137115839
1,0.022650222951023216,3,0.019632170783036394,1,95,0,0,1500,48215,1245,0,38.695826645264845
1,0.13878358015103434,2,0.05075517988878237,0,145,0,0,1701,53161,365,0,145.2486338797814
0,0.21086611029250432,2,0.01250187018071528,0,7,0,0,6,274,356,1,0.7675070028011205
1,0.3694925583507105,2,0.12108924739893756,0,38,1,1,1336,83460,463,0,179.8706896551724
1,0.21348158499207046,3,0.027897191946939646,0,26,0,0,18,380,322,1,1.1764705882352942
1,0.10401921610097356,2,0.050115697812984486,1,147,0,0,1379,55073,1012,0,54.36623889437315
1,0.2910049278396507,1,0.13631320036798825,0,42,1,0,14,337,435,1,0.7729357798165137
0,0.6899596636829464,1,0.05838675354622952,0,48,0,1,17,480,271,1,1.7647058823529411
1,0.03697980681482665,3,0.07472839487609687,1,126,1,0,1730,3941,993,0,3.964788732394366
1,0.07690316738723678,1,0.14825558500823566,1,63,0,0,1904,50560,780,0,64.73751600512163
1,0.2065974971950883,1,0.1551807169324828,0,58,0,0,13,24,370,1,0.0646900269541779
1,0.3661159761517096,1,0.0689019015259234,1,24,1,0,1527,71586,998,0,71.65765765765765
1,0.33613927103540325,3,0.08810548028633654,0,42,1,1,222,78792,1118,0,70.41286863270777
1,0.08438795624798018,2,0.08290558350683101,0,54,0,0,1323,91045,558,0,162.87119856887298
1,0.2002478129335724,3,0.055898569484122085,0,34,1,0,546,79048,1267,0,62.34069400630915
1,0.54193381092279,1,0.09740277806701798,0,15,0,0,9,174,143,1,1.2083333333333333
1,0.32642270284572944,2,0.07672884612142396,1,149,1,0,419,84426,683,0,123.4298245614035
1,0.24453666249909048,3,0.05351557355238768,0,142,1,1,1689,48578,944,0,51.405291005291005
1,0.44208971972743827,1,0.063613451972468,0,7,0,1,13,117,325,1,0.3588957055214724
1,0.3107126116138264,2,0.13956168368511543,0,71,0,0,3,264,457,1,0.5764192139737991
0,0.7577174865486955,1,0.29845989515093013,0,74,1,0,11,17,387,1,0.04381443298969072
1,0.4812158958769822,1,0.07703297031615237,0,9,0,0,5,180,148,1,1.2080536912751678
0,0.4379256693927621,1,0.22106212348325463,0,71,0,0,17,486,124,1,3.888
0,0.5708769442747376,2,0.2888780625712739,0,29,0,0,14,401,369,1,1.0837837837837838
1,0.5261317166683932,1,0.07794396262351026,0,36,1,0,8,463,426,1,1.0843091334894615
1,0.11003955262364978,3,0.11323988096775756,1,31,1,0,1810,95310,475,0,200.2310924369748
1,0.5256346660085578,2,0.27052859764062703,0,57,1,0,12,13,491,1,0.026422764227642278
1,0.3285885011104763,2,0.06894491315346903,0,20,1,0,161,36494,1144,0,31.872489082969434
1,0.3194223352522396,1,0.08368187753668284,1,91,1,0,571,37181,774,0,47.97548387096774
1,0.2940914072406384,2,0.13443850747073682,0,137,0,0,1085,73651,471,0,156.04025423728814
0,0.33932761708809045,2,0.12484619945392844,0,73,0,0,7,409,128,1,3.1705426356589146
1,0.25133884701977777,3,0.044426514833849774,0,114,0,0,740,65073,212,0,305.50704225352115
1,0.20277921380276173,1,0.03641592544782193,0,24,0,1,18,342,50,1,6.705882352941177
1,0.3246508057779414,2,0.08887402187646075,0,133,0,0,1672,50162,615,0,81.43181818181819
0,0.5875503447989607,2,0.11909445512228502,0,27,0,0,3,121,376,1,0.3209549071618037
1,0.028027478288475783,2,0.0715719563983574,0,96,1,1,726,49322,1277,0,38.593114241001565
0,0.3547326112599214,2,0.019456078344890503,0,70,0,0,12,189,159,1,1.18125
1,0.3292014297787739,3,0.14839199176595774,1,51,1,0,1241,39946,689,0,57.892753623188405
1,0.34720946580879264,1,0.2519406856906852,0,59,0,0,9,380,220,1,1.7194570135746607
0,0.2679428275044532,2,0.029518694914019192,0,55,0,0,11,176,211,1,0.8301886792452831
1,0.0653417798972626,2,0.01131182639891824,0,21,1,0,703,47942,1028,0,46.59086491739553
1,0.6224478608595343,2,0.10602641379081543,0,35,0,0,15,245,202,1,1.206896551724138
1,0.1691774174966231,3,0.01132906290388303,0,114,0,0,1115,9897,1406,0,7.0341151385927505
1,0.2707489103310306,2,0.1322453023763116,0,93,0,1,1187,41035,676,0,60.612998522895126
1,0.01591885093426102,1,0.07849293739503747,0,130,1,1,1452,50390,1335,0,37.717065868263475
1,0.09006440968637275,2,0.14257553423837022,0,86,0,0,1711,6436,1367,0,4.704678362573099
1,0.26492716541583294,3,0.05754135605327376,0,80,1,0,1836,75266,127,0,588.015625
1,0.22583763251612862,3,0.05684338647187614,0,103,1,0,318,74520,1248,0,59.66373098478783
1,0.07270543910447769,4,0.12114388043444627,0,52,0,0,1433,78663,1009,0,77.88415841584158
1,0.6179904943261354,2,0.021377018329577578,0,3,0,0,15,219,246,1,0.8866396761133604
1,0.25558520878931384,3,0.0037225817167723715,0,108,1,1,342,28116,420,0,66.78384798099762
1,0.721937817237277,1,0.0246515002429282,1,27,0,0,7,126,415,1,0.30288461538461536
1,0.7909047193774008,1,0.19809081591040142,0,49,0,0,1,36,488,1,0.0736196319018405
1,0.4719733008488166,1,0.19684855130432144,0,45,1,0,11,406,299,1,1.3533333333333333
1,0.5581057093501336,1,0.25258007003754257,0,67,1,0,3,443,145,1,3.0342465753424657
0,0.22358728390465937,2,0.26402372626843745,0,18,0,0,4,143,322,1,0.44272445820433437
1,0.2549208626152096,4,0.02958639992505252,0,79,0,1,1426,92001,381,0,240.84031413612564
0,0.6130414378566418,1,0.21838179209212955,0,39,1,0,17,3,189,1,0.015789473684210527
1,0.46445764816293694,2,0.1635080756690815,0,2,1,0,12,300,363,1,0.8241758241758241
0,0.28356324359803237,2,0.29276212647301614,0,2,0,0,0,196,458,1,0.42701525054466233
0,0.6731583267347185,2,0.16438784669210788,0,28,0,0,1,366,359,1,1.0166666666666666
1,0.01960185798850942,3,0.0674705986056643,0,73,0,0,250,61132,845,0,72.26004728132388
1,0.04248553103538249,2,0.07627185529620391,0,31,1,0,1922,72215,874,0,82.53142857142858
1,0.41658433816401613,2,0.22541252580871368,0,33,1,0,10,208,288,1,0.7197231833910035
1,0.12912391737914014,1,0.1372708230607344,0,35,0,1,319,89879,1126,0,79.75066548358474
0,0.5953543651460909,2,0.152508164074884,0,47,0,0,12,133,419,1,0.31666666666666665
1,0.2779880532485903,2,0.07047064821730223,0,119,0,0,1576,86235,1206,0,71.44573322286661
1,0.36593397999875127,1,0.12966044807915963,1,24,1,0,595,57592,345,0,166.4508670520231
1,0.34548230218083786,1,0.04572480399912523,0,7,1,0,12,454,436,1,1.0389016018306636
1,0.31441263239819994,2,0.07567230605200848,0,5,0,0,18,342,475,1,0.7184873949579832
1,0.5357841987849308,1,0.28121641994913565,0,7,1,1,8,465,372,1,1.2466487935656836
1,0.09401251952476747,1,0.008211747338939267,0,74,0,1,1704,83766,665,0,125.77477477477477
1,0.17075789112932105,3,0.07060514992365924,0,144,1,0,915,39570,1359,0,29.095588235294116
1,0.3638257709521205,2,0.1312120610233462,0,41,0,0,919,25109,902,0,27.8062015503876
1,0.28131089109298063,2,0.049800105317651874,1,100,0,0,368,55792,222,0,250.18834080717488
1,0.10986634791516217,2,0.032654969828584866,0,26,1,1,1964,45804,816,0,56.063647490820074
1,0.48868406111289053,1,0.1648588607685051,0,16,1,0,0,464,224,1,2.062222222222222
0,0.4471045484883612,2,0.13794012713079604,1,72,0,0,12,426,165,1,2.566265060240964
1,0.35565406005877553,2,0.09807948490142372,1,35,1,0,16,37,148,1,0.2483221476510067
0,0.2845142122278799,1,0.17472679746217393,0,48,0,0,4,235,333,1,0.7035928143712575
0,0.35278439285825836,1,0.18587638646934887,0,12,1,0,10,278,464,1,0.5978494623655914
1,0.11589119349528586,1,0.1261644255924152,1,45,1,0,1930,53906,1248,0,43.159327461969575
1,0.49526977584772297,1,0.18212821082663422,1,33,1,0,2,134,364,1,0.36712328767123287
0,0.718833425753032,2,0.16174838300257635,0,79,1,0,15,256,425,1,0.6009389671361502
1,0.17272283804311092,2,0.14032845341382857,0,76,0,0,1726,2099,620,0,3.3800322061191626
1,0.2766573607893273,3,0.138928947962194,0,28,1,0,811,79033,628,0,125.64864864864865
1,0.2872056712508006,2,0.14859641057582684,0,100,0,0,1086,3791,752,0,5.034528552456839
0,0.12566482553478883,3,0.009488011334801937,1,56,1,1,1253,4697,507,0,9.246062992125983
1,0.025637884414470194,4,0.07727883392073205,0,42,1,0,1462,67105,1374,0,48.803636363636365
1,0.2917154835105992,2,0.2554274873235287,1,43,0,0,3,44,361,1,0.12154696132596685
1,0.15313335790737412,2,0.06743750293803934,0,63,1,0,313,50404,796,0,63.24215809284818
1,0.2549492439959805,2,0.19708654688014185,0,56,0,0,13,271,107,1,2.509259259259259
0,0.04226013817957228,2,0.06627805621365959,0,60,1,0,1582,47247,959,0,49.215625
1,0.55395061211278,2,0.12712147609462884,0,8,0,0,10,160,155,1,1.0256410256410255
0,0.393247499349907,1,0.25260998831292636,0,33,0,0,10,386,127,1,3.015625
1,0.37630034369378446,1,0.024609538239800277,0,61,1,0,1895,88381,677,0,130.35545722713863
1,0.24731400840548795,2,0.1340264957089977,1,88,1,0,1997,19271,428,0,44.92074592074592
1,0.22730744650750734,2,0.06162245933511416,0,72,1,0,1633,42117,1121,0,37.537433155080215
1,0.4714637096796161,2,0.18056447689089664,0,64,0,0,12,327,210,1,1.5497630331753554
1,0.020466202578190363,1,0.01200951037934484,0,148,1,0,331,78692,677,0,116.06489675516224
1,0.5745427975483953,2,0.04113291171869971,0,1,1,0,1,431,147,1,2.9121621621621623
1,0.06544648165531051,3,0.07156647265408891,0,149,0,0,1891,88807,290,0,305.1786941580756
1,0.030111486660669453,3,0.01291741657595607,0,101,1,0,1299,27721,523,0,52.902671755725194
1,0.6418665413748338,2,0.23239605935435453,0,43,1,0,11,378,391,1,0.9642857142857143
1,0.02611070302658556,2,0.0008797091830741953,0,83,0,0,1512,37670,459,0,81.8913043478261
1,0.3283396037052515,2,0.0019232474265908738,0,127,0,0,1548,73514,816,0,89.98041615667074
0,0.6633910350413836,1,0.1899454126782067,0,24,1,0,12,248,228,1,1.0829694323144106
1,0.21491026946721525,1,0.051689489359045764,0,131,1,0,1251,82204,386,0,212.41343669250645
1,0.3857165697717967,2,0.007692619741930706,0,3,0,0,3,30,310,1,0.09646302250803858
1,0.2018011696219343,2,0.07950785088185712,0,106,0,1,1475,5312,746,0,7.111111111111111
1,0.2402458864330565,2,0.08577203677174804,0,14,0,0,1,351,162,1,2.1533742331288344
1,0.22779890340743036,1,0.016986517745972977,1,87,0,0,1605,97449,1023,0,95.1650390625
1,0.31271193037149053,3,0.13683113568737731,0,100,0,0,1491,14949,774,0,19.289032258064516
1,0.2891976366518678,2,0.28292275132341227,0,74,0,0,13,114,105,1,1.0754716981132075
1,0.1898134250489763,3,0.013351460234401324,1,143,1,0,657,42297,1300,0,32.511145272867026
1,0.6625473222474932,1,0.24079299293871312,0,36,0,1,3,243,51,1,4.673076923076923
1,0.2945892698476291,3,0.12848579830250034,0,64,0,1,843,11258,1164,0,9.663519313304722
1,0.5332590233615766,1,0.08178720022006013,1,23,0,0,2,86,123,1,0.6935483870967742
0,0.7998306039716785,2,0.18310013499327552,0,65,0,0,12,441,317,1,1.3867924528301887
1,0.6887448321388294,1,0.18716875088749155,0,53,0,0,9,110,410,1,0.26763990267639903
1,0.11976924992124266,3,0.008564861766776455,0,40,1,0,536,40943,1217,0,33.61494252873563
1,0.504566227210673,1,0.11959890833169393,0,46,0,0,6,199,276,1,0.7184115523465704
0,0.305832191903734,3,0.22442195382885963,0,46,0,1,7,438,155,1,2.8076923076923075
1,0.6882770118241692,2,0.1023743482878469,0,6,0,1,5,259,325,1,0.7944785276073619
1,0.23802498228366065,1,0.13185350658987302,0,17,1,0,9,333,496,1,0.670020120724346
1,0.3981686051701825,4,0.07773085982737812,1,56,1,0,945,68347,1303,0,52.41334355828221
1,0.23511937974867392,2,0.13602998660097537,1,86,0,0,1485,50097,1442,0,34.71725571725572
1,0.7606202088614089,2,0.1984111833211243,0,3,0,0,16,179,369,1,0.4837837837837838
0,0.6142368971776193,1,0.16200357438135318,1,52,0,0,11,250,91,1,2.717391304347826
0,0.2836136444436945,1,0.17399513622843937,0,66,0,0,19,0,489,1,0.0
0,0.7559525750968967,2,0.1925914501329798,0,44,0,1,17,258,263,1,0.9772727272727273
1,0.5800405125900355,3,0.29633565606446616,0,16,1,0,14,185,433,1,0.42626728110599077
1,0.5500350768596723,1,0.1910009046501622,1,79,0,0,2,232,399,1,0.58
1,0.4955708563957218,1,0.17834290055585192,0,65,0,0,10,421,367,1,1.1440217391304348
1,0.14461607510518265,2,0.10141395512468651,0,50,0,0,1726,8988,1315,0,6.829787234042553
1,0.17521763036215351,2,0.12117471777399334,0,140,1,1,1934,33192,1134,0,29.244052863436124
1,0.14162582494203765,3,0.03354038224855067,0,59,0,0,814,64896,1477,0,43.90798376184033
1,0.20780115410644162,2,0.10661537060572182,0,12,0,0,9,27,290,1,0.09278350515463918
0,0.438901216154566,1,0.2323901341913364,0,44,0,1,7,149,181,1,0.8186813186813187
1,0.06766475753696809,1,0.08108290130833862,0,99,0,0,1239,38615,318,0,121.05015673981191
1,0.3122797216686515,1,0.012968626068022848,1,43,0,0,1809,79422,52,0,1498.5283018867924
1,0.12414835564324803,2,0.043026996847079994,0,44,1,0,1779,40086,466,0,85.8372591006424
0,0.2975701636069348,2,0.11964683426907013,0,47,0,0,17,16,195,1,0.08163265306122448
1,0.33455143096415974,1,0.057969384649190284,0,52,1,0,392,69815,710,0,98.19268635724332
1,0.4134036298789695,1,0.17633080825865946,0,70,1,0,17,20,236,1,0.08438818565400844
1,0.3033919227209779,1,0.02382581069669598,0,77,0,1,7,92,56,1,1.6140350877192982
1,0.6574752114444145,1,0.2212071232163399,0,46,0,1,13,318,142,1,2.2237762237762237
1,0.4832401670659996,1,0.138161849182242,0,61,0,1,2,224,195,1,1.1428571428571428
1,0.1062742259465054,3,0.12269452415237303,0,97,0,0,748,66996,813,0,82.30466830466831
1,0.022800955020773596,1,0.0506998171542735,1,86,1,0,1465,94323,57,0,1626.2586206896551
0,0.33864487795284287,1,0.2066655906150272,0,58,0,0,7,244,454,1,0.5362637362637362
1,0.3379456341642034,3,0.14010494866959589,0,121,1,1,1548,60622,1374,0,44.088727272727276
1,0.6031356461592371,1,0.2619968747582423,0,61,0,0,19,108,383,1,0.28125
1,0.6796495273813876,1,0.22965386969733292,0,23,1,0,18,108,410,1,0.26277372262773724
1,0.6837207678758368,1,0.16733502521100746,0,73,0,0,2,118,458,1,0.2570806100217865
1,0.10644054741492344,2,0.0005745435750483862,1,94,1,0,807,73667,62,0,1169.3174603174602
0,0.27013882442501846,2,0.1605930394357775,0,13,0,1,15,486,131,1,3.6818181818181817
1,0.24129816907361193,2,0.009734891930761418,0,138,1,1,414,50170,655,0,76.47865853658537
1,0.635431705033016,1,0.22946497846263847,0,71,0,0,4,473,62,1,7.507936507936508
1,0.3731783319441535,3,0.007743572084846095,0,11,0,0,16,305,273,1,1.1131386861313868
1,0.18413162025710605,2,0.04032923174685099,1,86,1,0,288,96591,1005,0,96.01491053677933
1,0.7880195451712864,1,0.11727179877165439,0,15,0,0,11,235,416,1,0.5635491606714629
1,0.04075150565582262,1,0.016984683488868807,1,32,0,0,629,91187,1149,0,79.29304347826087
0,0.17788511074333432,2,0.0654105720328969,0,87,1,0,1454,15519,597,0,25.951505016722408
1,0.0736994606290697,1,0.09590622008141632,0,65,0,1,1720,35298,1067,0,33.050561797752806
0,0.4261666576549446,1,0.1242389257586781,0,9,0,0,8,301,290,1,1.034364261168385
0,0.29201084186964815,1,0.04505070024511249,0,50,1,0,3,374,118,1,3.142857142857143
1,0.5573832443647067,1,0.01840488813320045,0,15,0,0,10,494,429,1,1.1488372093023256
1,0.33398951427318496,3,0.1141508974424333,0,90,1,0,825,11056,1455,0,7.593406593406593
1,0.23942518365701143,2,0.21854720314848394,0,77,1,0,4,312,231,1,1.3448275862068966
0,0.558447861302185,2,0.13020580985216257,0,64,0,0,2,328,326,1,1.003058103975535
1,0.6771603871159342,1,0.299009056155893,0,69,0,0,7,178,128,1,1.37984496124031
1,0.32787080111218364,2,0.12076400651992893,0,48,1,0,1647,50341,597,0,84.18227424749163
1,0.04298022105156325,3,0.04739037335784552,0,81,1,0,1987,7007,918,0,7.624591947769314
0,0.07529287990761824,1,0.07870084600284334,0,75,1,0,1150,70122,728,0,96.18930041152264
0,0.3638381564443778,2,0.06910682570224132,0,131,1,0,1800,77288,712,0,108.39831697054699
1,0.37321624206242,3,0.17156168136815594,0,46,0,1,16,133,426,1,0.3114754098360656
1,0.5146341615965481,2,0.05322863084091206,0,12,1,0,19,346,403,1,0.8564356435643564
0,0.5398427841781384,2,0.10035338662257964,0,4,1,0,9,351,477,1,0.7343096234309623
1,0.10286094044363835,1,0.09541584519654278,0,34,1,0,865,55033,1311,0,41.94588414634146
1,0.5800869318956885,2,0.19269765777156822,0,31,1,1,15,34,256,1,0.13229571984435798
1,0.6935223457539015,2,0.16008076401806354,0,71,0,0,7,303,307,1,0.9837662337662337
0,0.2765481816773383,2,0.2810873469093188,0,43,0,0,14,66,273,1,0.24087591240875914
1,0.323991497473389,2,0.14517968489270328,1,105,0,0,755,64415,493,0,130.39473684210526
0,0.36443313241232367,3,0.01756527877319376,0,0,1,0,10,225,434,1,0.5172413793103449
1,0.2639589518802631,2,0.13745606602136778,0,0,0,0,10,380,59,1,6.333333333333333
0,0.7367313361364549,1,0.1858768012379522,0,9,0,0,13,447,451,1,0.9889380530973452
1,0.33553573470610815,3,0.10927409007711603,1,48,1,1,1569,11378,879,0,12.929545454545455
1,0.10785200350687313,3,0.14080789529667945,0,84,0,0,1480,84946,356,0,237.9439775910364
0,0.4990206636436879,3,0.24353093642704127,0,51,0,0,0,213,154,1,1.3741935483870968
1,0.020662942845856416,2,0.059408171615320006,0,20,1,1,793,74257,1193,0,62.19179229480737
1,0.28842186435914874,3,0.13050373882802485,1,99,1,0,1211,90910,1058,0,85.84513692162417
1,0.1392207821909282,1,0.008964341126757662,0,73,0,0,1604,62701,230,0,271.43290043290045
1,0.03543133585465763,2,0.1411918393360197,0,127,0,0,736,25574,79,0,319.675
1,0.14838948503686764,2,0.024640567418389207,0,21,0,0,1999,14534,1378,0,10.53952139231327
1,0.196407905067564,2,0.11429015636146456,0,86,0,0,575,63246,80,0,780.8148148148148
1,0.25042188359232054,3,0.07422389274008194,1,70,0,1,1176,42707,1159,0,36.81637931034483
1,0.7243340465375092,3,0.09845782608279346,0,4,0,1,16,498,268,1,1.8513011152416357
1,0.748647167554976,2,0.22069893427175694,0,67,1,0,12,480,110,1,4.324324324324325
1,0.32097639202864675,3,0.24419108085180563,0,43,0,0,0,55,436,1,0.12585812356979406
1,0.32594335585735146,1,0.2584109989090308,0,20,0,0,5,76,220,1,0.3438914027149321
0,0.009857761854529069,3,0.05342909151920692,0,38,0,0,532,1932,1058,0,1.8243626062322946
1,0.4829457131300951,1,0.23422847582053194,0,8,1,0,10,452,73,1,6.108108108108108
0,0.354946632979375,3,0.164009223814221,0,44,0,1,15,170,493,1,0.3441295546558704
0,0.6735027431644031,2,0.23460842630111575,0,17,0,0,6,5,408,1,0.012224938875305624
1,0.545773016100088,1,0.10597542255061924,0,27,0,0,6,288,314,1,0.9142857142857143
1,0.20237032005855757,3,0.008303972540761428,0,96,0,0,245,87181,1033,0,84.31431334622825
1,0.16852035265334586,2,0.01527708977135741,0,71,1,0,1832,51008,710,0,71.74120956399437
0,0.06457907441316842,1,0.12367756046998937,0,36,0,0,1276,99158,752,0,131.68393094289507
0,0.3068215801218509,2,0.13182149690833564,0,4,1,0,2,133,419,1,0.31666666666666665
1,0.49729478972371916,1,0.024180454127137395,1,26,0,0,6,14,130,1,0.10687022900763359
1,0.10299168659698772,3,0.02166547262326164,0,23,1,0,343,64425,1120,0,57.47100802854594
1,0.5192680911591894,1,0.23863498823691875,0,62,0,0,15,250,432,1,0.5773672055427251
1,0.042684727640941715,2,0.02827497791933417,1,108,1,0,540,80368,1264,0,63.53201581027668
0,0.7033388518675605,2,0.22931179866652077,0,74,0,0,4,409,206,1,1.9758454106280192
1,0.25564313879788253,3,0.14327627407171986,1,30,0,0,595,56334,1167,0,48.23116438356164
1,0.31109116402711723,3,0.08071815150597197,1,74,1,0,1551,24116,1312,0,18.367098248286368
1,0.6188970284118471,1,0.1557245355408654,0,50,0,0,13,250,118,1,2.100840336134454
1,0.5547652614469576,2,0.08863343324322608,0,16,0,0,14,167,67,1,2.4558823529411766
1,0.3312743477293812,1,0.04028983993718962,0,106,1,0,1941,83502,1448,0,57.62732919254658
1,0.25931901091952064,2,0.06894221275993896,1,52,1,0,1755,56338,417,0,134.7799043062201
1,0.3627942073752975,1,0.1354910433358371,1,123,0,0,159,22261,1146,0,19.408020924149955
1,0.06818500463265682,2,0.12453043265186431,1,127,1,0,1890,36749,463,0,79.20043103448276
1,0.23085548809055023,2,0.12889704382168052,0,45,1,0,11,243,65,1,3.6818181818181817
1,0.45285473035549884,2,0.22372013481936964,0,43,0,0,5,296,368,1,0.8021680216802168
1,0.24814024739698534,2,0.2604170070322351,0,55,0,0,6,8,153,1,0.05194805194805195
1,0.4213481837418635,2,0.20700146724619972,0,13,0,0,12,452,175,1,2.5681818181818183
1,0.6008510819423878,1,0.16652548479068588,0,79,1,0,11,245,471,1,0.5190677966101694
1,0.7210807855387478,1,0.20868544394904207,0,12,0,0,11,18,207,1,0.08653846153846154
1,0.34537263111575384,2,0.08474289114787098,0,50,1,0,710,52155,865,0,60.225173210161664
1,0.3563895538762816,3,0.025662895028574304,1,105,0,0,1390,91305,1297,0,70.34283513097073
0,0.2832963035896461,3,0.20773084539731088,0,12,0,0,6,10,488,1,0.02044989775051125
1,0.2507013394169325,2,0.11051918530652954,0,76,1,0,615,94093,698,0,134.61087267525036
0,0.35474169622696394,1,0.29268306025797447,0,54,1,0,1,424,172,1,2.4508670520231215
1,0.6783772194677322,1,0.23607101587658852,1,33,0,1,3,202,355,1,0.5674157303370787
1,0.26232830693095716,2,0.14001826578747784,0,41,0,1,760,28387,1470,0,19.29775662814412
1,0.40895328021398025,1,0.13553030362116872,0,3,0,1,1,270,235,1,1.1440677966101696
0,0.5517378992100784,1,0.22123013061644567,0,72,0,0,7,213,197,1,1.0757575757575757
0,0.7371241026123196,1,0.10427145727169462,0,21,1,0,3,442,380,1,1.1601049868766404
0,0.6243431805880393,1,0.286950419489844,0,28,0,0,12,443,234,1,1.8851063829787233
0,0.45512810268154014,3,0.23825919938312526,0,53,0,0,10,371,171,1,2.1569767441860463
1,0.4078075966195768,1,0.012585367029490879,0,52,1,0,2,495,131,1,3.75
0,0.2718572790915508,1,0.026737329634804984,0,48,0,0,19,347,225,1,1.5353982300884956
1,0.6799131535683892,1,0.10664790313240721,0,8,0,0,11,240,296,1,0.8080808080808081
1,0.1262532861468609,2,0.1373124302200055,1,101,1,0,607,28868,1482,0,19.46594740391099
1,0.46844742009407286,1,0.07039262455663606,0,76,0,0,4,377,431,1,0.8726851851851852
1,0.5603101162601921,1,0.02658012890388517,0,16,0,0,15,128,486,1,0.26283367556468173
0,0.26106948357224224,1,0.2976474044469938,0,33,0,0,4,450,249,1,1.8
1,0.2338252979905563,1,0.24090776934979902,0,20,0,0,19,252,213,1,1.1775700934579438
1,0.030787673203206946,4,0.13043117532888274,1,82,0,0,174,73532,776,0,94.63577863577864
1,0.34544583944904816,2,0.04391219764867473,0,24,1,0,14,439,481,1,0.9107883817427386
1,0.2596648356556071,3,0.21793851453390145,0,5,0,0,8,300,233,1,1.2820512820512822
1,0.2583711572092157,1,0.010910439266579475,0,122,0,0,1018,12669,84,0,149.04705882352943
1,0.3710571012163083,1,0.24523491254735746,0,12,0,0,9,332,436,1,0.7597254004576659
1,0.347199836758036,2,0.14509921670302045,0,103,1,0,1214,92547,1288,0,71.79751745539177
1,0.21204271866663582,2,0.16198713908416787,0,77,1,1,12,366,238,1,1.5313807531380754
0,0.5147068337421529,1,0.24177762003528633,0,75,0,0,3,315,56,1,5.526315789473684
0,0.7465563106963056,2,0.17405171076819967,0,72,1,0,14,38,160,1,0.2360248447204969
1,0.3305561246402221,2,0.1109344872166902,0,46,1,0,879,93519,1435,0,65.12465181058496
1,0.4978197483207419,2,0.26181907514538055,0,27,1,0,1,273,376,1,0.7241379310344828
1,0.5732520201367242,1,0.25883912326296854,0,2,0,0,10,372,423,1,0.8773584905660378
1,0.3919821789433114,3,0.011111236081567161,1,89,1,0,1154,92702,1268,0,73.05122143420016
1,0.29667365159672926,2,0.0133159900434349,1,21,0,1,484,47753,600,0,79.4559068219634
1,0.4634809451421311,3,0.11032780526318688,0,53,1,1,10,67,421,1,0.15876777251184834
0,0.7343163684439371,2,0.22658112614904236,0,78,0,1,14,28,70,1,0.39436619718309857
1,0.03654129708942233,2,0.10492918056038579,1,58,0,1,1562,62613,896,0,69.80267558528428
0,0.41529829047410155,2,0.03921311302205984,0,20,1,0,15,479,238,1,2.00418410041841
1,0.7630042740926228,3,0.04267481060615885,0,8,0,1,16,283,119,1,2.3583333333333334
1,0.3048518481801299,1,0.0420682597140083,0,135,0,0,221,74195,1464,0,50.64505119453925
1,0.22834157451150464,2,0.028490211549153002,0,71,1,0,1177,42064,1161,0,36.199655765920824
0,0.5070064652693997,1,0.1994735173461654,0,29,1,0,1,329,75,1,4.328947368421052
1,0.028278643273746476,2,0.03203062168259271,1,75,1,0,1450,90824,1238,0,73.30427764326069
1,0.2683060101772143,2,0.11461433798683189,1,131,0,0,162,28233,1439,0,19.60625
1,0.5340577358083579,3,0.2586043446817868,0,20,0,0,15,484,466,1,1.0364025695931478
1,0.5637047806705281,2,0.03206307692842315,0,7,0,0,8,85,328,1,0.25835866261398177
1,0.3180046147713882,2,0.0013647271921163994,0,44,1,1,1160,25462,270,0,93.95571955719558
0,0.5020503625129142,2,0.0701136245731299,0,18,0,1,14,54,132,1,0.40601503759398494
1,0.23061799598045601,3,0.023535393621918015,0,47,1,1,206,35677,1010,0,35.288822947576655
0,0.28040913707038445,2,0.1832942966552975,0,4,0,0,8,349,285,1,1.2202797202797202
1,0.735603026646185,1,0.06074416804957122,0,8,0,0,13,133,234,1,0.5659574468085107
1,0.5908522330111186,2,0.23546909313344025,0,25,0,1,18,402,390,1,1.0281329923273657
0,0.1440239607722904,2,0.11234985261074353,0,37,0,0,647,31804,262,0,120.92775665399239
1,0.3185562890478836,2,0.13561704907192576,0,126,0,0,754,99041,245,0,402.6056910569106
1,0.7029972228266828,3,0.14576152775589768,0,53,0,0,4,89,316,1,0.2807570977917981
1,0.37827302937390506,1,0.10867063249568651,0,39,0,0,8,69,440,1,0.1564625850340136
1,0.23059556125594638,3,0.11119630625261433,0,73,0,0,174,5545,438,0,12.630979498861048
1,0.3088608110463353,3,0.07555791518849343,0,125,1,0,294,46346,318,0,145.28526645768025
1,0.08698117288689439,2,0.028686319361418203,0,30,1,0,605,42245,378,0,111.46437994722955
1,0.053366534209282834,2,0.135244684422954,0,61,1,1,988,7649,353,0,21.60734463276836
1,0.06991251394997354,4,0.04277798940150717,0,95,1,0,1099,66251,1125,0,58.83747779751332
1,0.5483530101668261,1,0.2784250920978149,0,46,0,0,6,84,119,1,0.7
1,0.7113089001911241,2,0.18048354604389935,0,0,0,0,14,32,272,1,0.11721611721611722
1,0.3842985211085422,3,0.06265628504594638,1,94,0,1,1361,28280,130,0,215.87786259541986
1,0.2152880407473901,3,0.08538453181371719,1,132,1,1,381,25298,359,0,70.27222222222223
1,0.17205709283873052,2,0.08584727784451147,0,139,1,0,839,58648,921,0,63.60954446854664
1,0.2202282538165457,2,0.07525487490096372,0,110,1,0,924,56882,668,0,85.0254110612855
1,0.22011946084146763,1,0.04501459940819528,0,27,0,0,6,369,105,1,3.481132075471698
1,0.05044405667145,1,0.03590547545130695,0,96,0,1,1446,64659,1188,0,54.38099243061396
1,0.01972359484392987,2,0.07541751627700208,0,140,0,1,624,30086,580,0,51.78313253012048
1,0.2575631828271059,1,0.023353889663389936,1,35,0,1,1314,49394,1253,0,39.389154704944175
1,0.2990082546986019,1,0.019547698213693638,0,25,0,0,670,61444,1174,0,52.29276595744681
1,0.16225810377889502,3,0.14526286957506118,0,99,1,0,76,22588,1051,0,21.47148288973384
1,0.7400111851088631,2,0.04423575801188518,0,40,0,0,2,181,434,1,0.4160919540229885
1,0.7923656775889667,3,0.07304468897288978,0,60,1,0,16,65,116,1,0.5555555555555556
1,0.3771931136284543,2,0.08784815031431988,1,118,0,0,1253,39207,1219,0,32.13688524590164
1,0.2450826690414853,1,0.14489066162560657,0,66,0,0,3,328,483,1,0.6776859504132231
1,0.35822229634955405,2,0.13328989206557285,0,137,1,0,1520,5587,1253,0,4.455342902711323
0,0.5154141093816116,2,0.18104629997893643,0,77,0,0,16,428,424,1,1.0070588235294118
1,0.3091568782971627,3,0.04944444471883114,0,32,0,0,3,370,297,1,1.2416107382550337
0,0.397250966172505,2,0.14903005765775082,0,39,0,0,14,420,193,1,2.1649484536082473
0,0.32777849690534644,3,0.07106116769234462,0,34,0,0,1,404,62,1,6.412698412698413
1,0.16367303498339544,4,0.13869879143733702,0,116,0,1,752,84558,1368,0,61.76625273922571
1,0.2764931973991895,2,0.2676254066820703,0,58,1,0,11,248,340,1,0.7272727272727273
0,0.7450703368001772,2,0.2685353222119609,0,15,0,0,5,215,472,1,0.45454545454545453
1,0.6653165700170065,3,0.23293423394991739,0,73,0,0,11,102,335,1,0.30357142857142855
0,0.3230837842892043,1,0.27567796009186635,0,68,1,0,15,145,238,1,0.606694560669456
0,0.5113506231697026,2,0.19276955986055747,0,55,0,0,18,235,75,1,3.0921052631578947
1,0.6320219219276446,1,0.07640118661381536,0,24,1,0,15,308,476,1,0.6457023060796646
1,0.7596370900124081,3,0.2866571087864804,0,37,0,1,5,488,158,1,3.069182389937107
1,0.30253255243403954,2,0.1922916232035996,0,9,0,0,1,277,380,1,0.7270341207349081
0,0.7170713726081104,1,0.03951863203636857,0,74,1,0,18,302,195,1,1.5408163265306123
1,0.03720696370507,2,0.034610188531058066,1,73,1,0,1141,91353,654,0,139.47022900763358
1,0.08541714179613656,3,0.06455147605336087,0,141,0,0,146,76092,1225,0,62.0652528548124
1,0.6446723895740355,3,0.030313743303194005,0,35,0,0,19,443,99,1,4.43
1,0.21043760530061684,1,0.14110352815848476,0,76,1,1,1016,76916,1287,0,59.71739130434783
1,0.3925533336965121,2,0.0639477440986052,0,110,0,1,1068,148,264,0,0.5584905660377358
1,0.06254485665795002,1,0.0905689135929177,1,115,1,0,1507,49917,861,0,57.90835266821346
1,0.10433969838483557,2,0.004176157689387943,0,21,0,0,1590,3439,1020,0,3.368266405484819
1,0.1282934329246285,2,0.07576733336160095,0,132,1,0,646,50970,1094,0,46.54794520547945
1,0.2748937373842732,3,0.09869248668068885,0,88,1,0,617,54168,1293,0,41.860896445131374
1,0.2672233413008314,2,0.024275784915375652,0,16,0,0,2,326,268,1,1.211895910780669
1,0.0931434227504377,3,0.0711679769766785,1,23,1,0,1635,6755,830,0,8.128760529482552
1,0.05331370323286926,3,0.007849928595099425,0,101,0,1,1713,99804,605,0,164.69306930693068
1,0.389961709124094,1,0.008735674623041284,0,83,0,0,52,60917,547,0,111.16240875912409
1,0.06749977535929182,2,0.014782027711941358,0,102,1,1,1556,27838,891,0,31.208520179372197
1,0.4383101177710729,2,0.06121069038866965,0,42,0,0,18,100,460,1,0.21691973969631237
1,0.3423360750415967,2,0.14908904487174907,0,26,0,0,10,84,240,1,0.34854771784232363
1,0.7438832665787283,3,0.2280869469366405,0,23,0,0,9,279,398,1,0.6992481203007519
1,0.12513367900968803,2,0.12358445724369964,0,99,1,0,593,20202,1068,0,18.89803554724041
1,0.3182313505030346,1,0.12413718262210531,0,42,0,0,780,86230,556,0,154.81149012567326
1,0.20165313676737534,2,0.11572100172894095,0,39,0,0,489,4130,140,0,29.29078014184397
1,0.2936915584197142,2,0.1626711616475545,0,15,0,0,19,339,354,1,0.9549295774647887
1,0.5744893447094805,1,0.2989003012881742,0,41,0,0,7,141,261,1,0.5381679389312977
1,0.7174182252480472,3,0.06502194002723269,0,13,1,0,15,171,389,1,0.43846153846153846
1,0.24905541916932317,2,0.09730012593461268,0,30,0,0,9,166,56,1,2.912280701754386
1,0.2958324708886971,3,0.08432171307413774,0,148,1,0,1916,72928,1398,0,52.12866333095068
1,0.38574129361439463,3,0.014706680716640974,0,65,1,0,65,75826,1049,0,72.21523809523809
1,0.6333601591133955,1,0.02975342987616477,0,28,0,0,18,176,247,1,0.7096774193548387
1,0.27238152266036053,3,0.02082715282382801,0,29,1,0,7,425,121,1,3.4836065573770494
1,0.7241471744640664,2,0.09990057391745938,0,54,0,0,6,411,204,1,2.004878048780488
1,0.7690719841772942,1,0.17791330025603525,0,21,0,0,10,354,147,1,2.391891891891892
1,0.21751482815669876,1,0.03603675276964558,1,82,0,0,1009,96807,862,0,112.1749710312862
1,0.22817958006503303,2,0.1263744159882216,0,50,0,0,5,359,385,1,0.9300518134715026
0,0.42781544490036016,2,0.0446664150997334,0,27,0,0,9,389,111,1,3.4732142857142856
1,0.3091280506394869,2,0.03851828683623757,0,30,1,0,14,378,232,1,1.6223175965665235
1,0.026913845168605822,1,0.03484344811446789,0,37,1,0,405,42648,191,0,222.125
1,0.29114161610737666,1,0.21527932969745286,0,65,0,0,3,377,266,1,1.4119850187265917
1,0.7489075406408601,1,0.038428723909860005,0,59,0,0,11,281,277,1,1.0107913669064748
1,0.1444864235903247,1,0.12166568494579771,0,134,0,0,1328,67864,1272,0,53.31029065200314
1,0.17510602199525138,3,0.14988109484151613,1,51,0,0,1347,98547,544,0,180.82018348623853
1,0.2532714699583089,2,0.01692608167753266,0,135,0,0,313,27679,893,0,30.960850111856825
1,0.05351125799758721,1,0.10842588058503184,0,48,1,0,352,86669,1180,0,73.38611346316681
1,0.24292976671722638,1,0.1082173735664358,0,36,1,1,1917,13563,570,0,23.75306479859895
1,0.21792043411043938,2,0.009540215456669604,1,104,0,1,1694,28590,1374,0,20.792727272727273
1,0.7380730459436071,1,0.21730164513862235,0,38,0,0,6,195,482,1,0.40372670807453415
1,0.45094582177437137,3,0.21543692286794833,0,62,1,0,19,38,475,1,0.07983193277310924
1,0.375888638156608,1,0.18479563507805372,0,33,0,0,13,91,114,1,0.7913043478260869
1,0.1538063254825066,2,0.09960183421014034,0,91,1,0,1242,59130,74,0,788.4
1,0.6030204106435141,2,0.07696883511040913,0,70,0,0,18,100,345,1,0.28901734104046245
0,0.33718568330207765,1,0.17019366588867105,0,25,1,0,9,18,152,1,0.11764705882352941
0,0.47133076453388434,1,0.08784661101028941,0,27,0,0,5,172,108,1,1.5779816513761469
0,0.2964088239557334,2,0.27917856439317484,0,14,1,0,1,342,84,1,4.023529411764706
0,0.2820911785513769,1,0.020687404906926353,0,52,0,0,15,98,260,1,0.37547892720306514
1,0.3782860433764098,2,0.12356166928684495,0,28,0,0,100,57253,546,0,104.6672760511883
1,0.2384570598199588,2,0.11619789296895264,1,37,1,0,1560,58696,53,0,1086.962962962963
1,0.38902729425989474,2,0.12815992699885204,0,99,1,0,1243,97905,220,0,443.00904977375563
0,0.30136103784329876,1,0.05756019741562287,0,52,1,0,10,449,193,1,2.314432989690722
1,0.36120641563096767,1,0.17646068008451715,0,33,0,0,4,343,343,1,0.997093023255814
1,0.7816822599652213,2,0.0520573544959526,0,28,0,0,1,326,221,1,1.4684684684684686
1,0.32385276305636196,2,0.23658448940172191,0,9,0,0,3,210,470,1,0.445859872611465
0,0.3766794557251506,1,0.2658587341395223,0,47,1,0,6,372,91,1,4.043478260869565
1,0.041390025458633864,2,0.08176251192898353,0,106,0,0,914,47120,1067,0,44.11985018726592
1,0.05754718653733191,1,0.043679468249493626,1,93,0,0,645,41652,503,0,82.64285714285714
1,0.3071058470857351,2,0.10907442146102077,0,134,1,1,529,20548,1131,0,18.151943462897528
1,0.43871335942744505,1,0.12089405362954843,0,57,0,0,18,14,279,1,0.05
1,0.3229905772494926,2,0.21992138880890244,0,65,1,0,14,116,377,1,0.30687830687830686
1,0.39424029358112017,3,0.1489248197522963,0,109,0,0,711,58044,1470,0,39.458871515975524
1,0.30265861974095953,2,0.06180266084274846,0,110,1,1,541,51197,867,0,58.98271889400922
1,0.39097527368160495,1,0.04692669420085022,0,26,0,0,641,30640,427,0,71.58878504672897
1,0.2309413604878671,3,0.031769722482225406,1,144,0,0,1220,76679,718,0,106.64673157162726
1,0.2624651491907443,1,0.2283364611129474,0,10,0,0,9,286,300,1,0.9501661129568106
0,0.3663257392762976,2,0.04753695207278164,0,91,0,0,1126,24202,334,0,72.24477611940299
1,0.3714222131576544,3,0.028659320901953726,0,52,1,1,1239,48721,788,0,61.750316856780735
1,0.5200766551857929,1,0.14635621317790873,0,53,1,0,1,117,441,1,0.2647058823529412
1,0.3176057801063851,2,0.005912637768054446,0,26,0,0,527,52900,1349,0,39.18518518518518
0,0.45135526970272877,2,0.1969435821994508,0,53,0,0,19,84,488,1,0.17177914110429449
0,0.2158201846983512,3,0.002268862493442636,0,68,1,0,9,157,144,1,1.0827586206896551
1,0.5224373617627538,3,0.1931712760623392,0,10,0,1,12,15,309,1,0.04838709677419355
1,0.19114694196525434,3,0.04084730957716241,0,101,0,1,694,28491,76,0,370.012987012987
0,0.2398977604200665,1,0.09098254427027866,0,6,1,0,1,314,320,1,0.9781931464174455
0,0.7193042755363883,2,0.20848532667073852,0,32,0,0,19,101,136,1,0.7372262773722628
1,0.33717819298247886,2,0.07233378455059898,0,49,0,0,339,22096,881,0,25.052154195011337
0,0.781948638688762,3,0.10548680617189032,0,42,0,0,8,291,58,1,4.932203389830509
0,0.22192980070885693,3,0.22651257862388346,0,37,1,0,0,462,128,1,3.5813953488372094
1,0.1968006917728331,2,0.0014953852101777742,1,58,1,0,1331,88210,608,0,144.8440065681445
1,0.3936357855866057,2,0.12132878085503479,1,62,0,0,1642,47598,125,0,377.76190476190476
1,0.2078566739530002,1,0.111650107151254,0,45,0,0,10,488,339,1,1.4352941176470588
1,0.7009581420795796,2,0.16844537638785712,0,19,1,0,3,483,327,1,1.4725609756097562
0,0.2284796735851655,3,0.041965039633056124,0,147,1,0,1105,34707,1447,0,23.968922651933703
1,0.3403411029288382,1,0.05184405555542384,0,108,1,0,834,44408,1395,0,31.810888252149
1,0.28064880616338456,1,0.15184255885207323,0,46,1,0,1,367,319,1,1.146875
1,0.34332917555154324,1,0.010582509556484187,0,70,0,0,467,96734,630,0,153.3026941362916
1,0.40740036999431795,2,0.0312328948152499,0,33,1,0,7,209,319,1,0.653125
1,0.14881742712488297,2,0.0416836688981634,1,142,1,0,1256,7570,895,0,8.448660714285714
0,0.7424952166962491,1,0.1871577974029719,0,77,0,0,16,116,244,1,0.47346938775510206
1,0.38186654275162757,3,0.052093271145854665,1,41,0,0,669,93745,1440,0,65.05551700208188
1,0.30895863008085545,1,0.1978061766617348,0,11,0,0,17,427,134,1,3.162962962962963
1,0.19774832441830326,2,0.03497813316324245,0,116,1,0,768,73351,1090,0,67.23281393217232
0,0.3030075715089821,1,0.20294038116790866,1,16,0,0,6,432,452,1,0.9536423841059603
1,0.6472636845105981,2,0.10804092224145573,0,5,0,0,19,348,325,1,1.0674846625766872
1,0.7697123741945853,1,0.028714366656048516,0,59,0,0,16,437,241,1,1.8057851239669422
1,0.29013055629435125,2,0.08401739745140226,0,33,1,0,1095,88525,1341,0,65.96497764530551
1,0.2821313780412844,2,0.13205969938664716,0,74,1,0,13,15,228,1,0.06550218340611354
1,0.6616957599151623,1,0.18187588132529323,0,23,0,0,10,265,214,1,1.2325581395348837
1,0.7078713750407111,2,0.23550496315111705,0,41,0,0,1,110,71,1,1.5277777777777777
0,0.4354670644535813,2,0.13493539464639676,0,56,0,0,19,219,305,1,0.7156862745098039
0,0.4608964031622478,2,0.14893834570658993,0,62,1,0,8,190,375,1,0.5053191489361702
0,0.3661265888883223,2,0.19855175695481359,0,61,1,0,4,178,85,1,2.0697674418604652
1,0.2609124451273785,3,0.053252289920437,0,32,1,1,704,77948,747,0,104.20855614973262
1,0.2771635644099071,2,0.10646056272015304,0,134,1,0,1554,97177,1199,0,80.98083333333334
1,0.3251403886147031,2,0.05200781418538667,0,142,0,1,1205,47771,1031,0,46.28972868217054
1,0.27251284421297356,2,0.040243080064165895,0,23,0,0,560,86061,907,0,94.78083700440529
1,0.4775208296798888,1,0.06028010659771694,0,49,0,0,9,214,458,1,0.4662309368191721
1,0.23664677591291827,1,0.2982418083663502,0,31,0,0,19,219,83,1,2.607142857142857
1,0.32896422715445406,1,0.15542362987164463,0,14,0,0,5,286,211,1,1.349056603773585
1,0.21817118008468525,2,0.08319307368167174,0,91,1,1,1239,52902,826,0,63.96856106408706
0,0.2172696057880034,1,0.12330854094201141,0,59,1,0,13,154,232,1,0.6609442060085837
1,0.11792689533870676,3,0.08568193766272757,0,128,0,0,1042,80892,166,0,484.3832335329341
1,0.2746714446896518,1,0.06118413551702856,1,78,1,1,958,42220,1379,0,30.594202898550726
0,0.7676692772801796,1,0.21779397299558864,0,76,0,0,18,167,155,1,1.0705128205128205
1,0.4052490492295445,2,0.1127664855437308,0,75,0,0,4,494,134,1,3.6592592592592594
1,0.2681345553197774,1,0.24179776493254743,0,66,1,0,14,253,200,1,1.2587064676616915
1,0.5572310103920264,1,0.1937432437965618,0,26,0,0,16,406,231,1,1.75
1,0.5663720254649796,2,0.02045169281564807,0,20,1,0,11,472,97,1,4.816326530612245
1,0.35463817660095937,1,0.054995655014468466,0,90,0,0,875,17433,507,0,34.31692913385827
1,0.11445401698332575,2,0.12115535535660854,1,85,0,0,1241,50739,1024,0,49.501463414634145
1,0.2585239734629525,2,0.13218871016445174,0,111,1,1,1671,6715,729,0,9.198630136986301
1,0.6463677755436062,1,0.14647234110653345,0,64,0,0,19,300,138,1,2.158273381294964
1,0.6978450822243211,1,0.21230428042227473,0,19,1,0,0,406,247,1,1.6370967741935485
1,0.3470808391676956,4,0.12682662162608407,0,50,1,0,815,36591,51,0,703.6730769230769
1,0.45447840278143165,2,0.10491096892375486,0,78,1,0,14,27,149,1,0.18
1,0.5981224232100264,1,0.12962306488325878,0,25,1,0,15,64,136,1,0.46715328467153283
1,0.3263823157660827,3,0.06965253748232125,1,144,1,0,1575,67646,1148,0,58.873803307223675
0,0.4990653193574344,2,0.21262340932289292,0,37,0,0,18,395,271,1,1.4522058823529411
0,0.5709528629181777,2,0.05259088270729789,1,31,0,0,18,415,334,1,1.2388059701492538
1,0.30401396072126957,4,0.08112405959573095,1,31,1,1,370,25398,856,0,29.635939323220537
1,0.5120981006671961,2,0.2854210026619971,0,36,0,1,15,425,246,1,1.7206477732793521
0,0.7388325736644283,2,0.2539543016070834,0,45,0,0,7,490,344,1,1.4202898550724639
1,0.34989745986262644,3,0.11892600679102906,1,57,1,0,1542,73698,1449,0,50.826206896551724
1,0.32686880419792685,2,0.15628739318161264,0,74,0,0,3,338,484,1,0.6969072164948453
0,0.598202699217589,2,0.007257529167406573,0,77,0,0,6,47,376,1,0.1246684350132626
1,0.2513051185126809,2,0.23513753534561915,0,7,0,0,10,424,418,1,1.0119331742243436
1,0.027214925636667876,2,0.14231857465378772,1,142,1,0,1333,7307,1369,0,5.333576642335767
1,0.681712069158807,1,0.06170617865866653,0,25,1,0,16,125,146,1,0.8503401360544217
0,0.2902501346621169,1,0.278110363438892,0,30,0,0,3,107,240,1,0.44398340248962653
1,0.010643346431073654,2,0.1347895365853455,1,105,1,0,1841,69545,1135,0,61.21919014084507
1,0.13695804931834385,2,0.10393176415449783,0,69,1,0,581,89507,986,0,90.68591691995947
1,0.1096851556496588,1,0.06158980458573998,1,80,1,0,1872,18130,111,0,161.875
0,0.4050904110187256,2,0.11038222539062534,0,73,0,0,5,248,365,1,0.6775956284153005
1,0.19366921286536298,2,0.03140225990761481,1,38,0,1,1429,76539,1057,0,72.34310018903592
1,0.1563669707364649,2,0.060857163627142156,0,79,0,0,791,48681,487,0,99.7561475409836
1,0.4703264811860562,1,0.05443150430868808,0,46,0,0,17,43,295,1,0.14527027027027026
0,0.7894271701451638,2,0.09140374172941224,0,36,0,1,9,332,50,1,6.509803921568627
1,0.7397447439647411,2,0.14440324549059708,0,45,1,0,8,391,285,1,1.367132867132867
1,0.3125848355018837,2,0.11351838343535955,0,88,1,0,833,86229,1397,0,61.68025751072961
1,0.12409411349788191,1,0.012714923163949976,0,73,1,1,1896,50023,1432,0,34.90788555478018
1,0.21012730578028857,3,0.045249336244672325,1,60,1,0,1653,60040,884,0,67.84180790960453
1,0.12378503057847295,1,0.11113248100829783,0,140,0,1,1961,19848,840,0,23.600475624256838
1,0.45899572773780767,2,0.026292824029151562,0,68,0,0,14,146,161,1,0.9012345679012346
1,0.44051085005818397,1,0.18418007542801854,0,42,1,1,12,192,439,1,0.43636363636363634
1,0.33752514546332246,2,0.07943004225336861,0,20,0,0,1388,89101,1046,0,85.10124164278892
1,0.386648888358443,2,0.04936106691910919,0,78,1,1,1805,36382,426,0,85.20374707259953
1,0.015979189314437738,2,0.1322563454457877,0,28,1,1,1042,66302,733,0,90.32970027247957
1,0.6863319984690999,2,0.26940916468499604,0,46,0,0,10,202,57,1,3.4827586206896552
1,0.648482562880254,1,0.16074830534192439,0,27,1,1,4,196,488,1,0.40081799591002043
1,0.40009950301468655,2,0.18450389041166,0,9,0,0,13,309,265,1,1.1616541353383458
1,0.6764151135621777,1,0.24046113356489687,0,16,0,0,18,24,87,1,0.2727272727272727
1,0.18977396565886964,1,0.14490321886953128,1,116,0,0,127,30113,131,0,228.12878787878788
0,0.04006199900270677,2,0.01658147494628708,0,20,0,1,1911,27790,1133,0,24.506172839506174
0,0.39420754184254625,1,0.052451588178123766,0,16,0,0,10,207,432,1,0.4780600461893764
1,0.7525234403190879,2,0.20084608655945704,0,22,1,0,12,223,59,1,3.716666666666667
1,0.16445773459199484,2,0.04804481137451137,0,57,1,0,1920,22420,525,0,42.62357414448669
1,0.38132286703294904,3,0.004872989503524744,0,108,0,0,656,72567,1462,0,49.6015037593985
1,0.690243242569568,3,0.10382991796133566,0,59,0,0,9,225,90,1,2.4725274725274726
1,0.29152342574855683,3,0.2212525078377021,0,28,1,0,13,186,371,1,0.5
1,0.14211358969476903,1,0.017625276031855996,1,84,0,1,497,63391,1063,0,59.578007518796994
1,0.0542645868641511,3,0.06630993196771125,0,105,0,0,945,57871,1138,0,50.80860403863038
1,0.13638478945719543,2,0.036022739403302126,1,107,1,1,285,67694,182,0,369.91256830601094
1,0.2585629500912356,3,0.1188809651432005,1,149,1,1,1825,85489,1108,0,77.08656447249774
1,0.048151259802213534,3,0.03533489018917519,0,88,1,0,1927,89706,266,0,335.97752808988764
1,0.21332941914384201,2,0.1381156274454113,0,54,1,1,745,54840,1093,0,50.12797074954296
1,0.17835464794392314,2,0.07804854392870786,0,37,0,1,1505,55021,231,0,237.1594827586207
1,0.4148976308197043,2,0.1450636940159774,0,6,0,0,4,94,390,1,0.24040920716112532
1,0.2697174294800099,1,0.10187575493069892,0,114,1,0,295,10304,63,0,161.0
1,0.4178493778391811,2,0.09165729319740706,0,28,0,0,8,7,108,1,0.06422018348623854
1,0.058645822863936915,1,0.08152266428745217,0,49,1,0,1605,44515,424,0,104.74117647058823
0,0.7380592547758551,3,0.26339229613352083,0,69,0,0,9,495,286,1,1.7247386759581882
1,0.4258780201268298,1,0.1942424142463809,0,12,0,0,10,277,154,1,1.7870967741935484
1,0.17997746970754386,2,0.08943878628490531,0,131,0,1,1289,43765,399,0,109.4125
1,0.512184620542276,2,0.013023759856445749,0,35,0,1,1,29,255,1,0.11328125
1,0.2518734381036812,2,0.05005563113634449,1,71,1,0,826,37078,378,0,97.8311345646438
1,0.058438626216528095,2,0.0680124345936402,0,36,0,1,511,9214,962,0,9.568016614745586
1,0.11500447975350361,3,0.005629298629770468,1,65,0,0,1508,51659,1418,0,36.40521494009866
1,0.08457250319956447,2,0.08258179509299933,1,24,1,0,648,19096,1429,0,13.353846153846154
1,0.4005463344901765,2,0.0558304253538832,0,14,1,0,16,87,196,1,0.4416243654822335
0,0.40741759610235173,1,0.1911604430424841,0,56,1,0,19,44,181,1,0.24175824175824176
1,0.2841406002849329,2,0.10695214377926111,0,52,0,0,1774,86939,1139,0,76.26228070175439
1,0.2707280174520188,3,0.1285543542495867,0,72,0,1,1476,83048,255,0,324.40625
0,0.7050972660549633,2,0.018687539439018807,0,2,0,0,9,440,296,1,1.4814814814814814
0,0.44889170140259915,2,0.08546187058857685,0,41,1,0,2,254,347,1,0.7298850574712644
1,0.2651439150538663,2,0.04552558637219283,0,90,1,0,856,28867,349,0,82.47714285714285
1,0.7485792839362995,2,0.24751482305401862,0,52,0,0,8,481,340,1,1.4105571847507332
1,0.3997401201888801,4,0.12758702959598991,1,67,1,1,1119,35825,376,0,95.026525198939
1,0.44045783652519566,2,0.29540092185735245,0,5,0,0,19,427,245,1,1.7357723577235773
1,0.29819356571942274,1,0.18456583146930325,0,20,0,0,12,154,239,1,0.6416666666666667
0,0.3484088610459186,2,0.20433535618949483,0,56,0,0,0,69,179,1,0.38333333333333336
1,0.10868703955927189,2,0.03290840837943694,0,142,0,0,755,3094,917,0,3.3703703703703702
0,0.21523181339620692,1,0.21984046342987518,0,40,1,0,12,431,117,1,3.652542372881356
1,0.48563024131945987,2,0.007859012559619438,0,20,0,0,9,360,230,1,1.5584415584415585
1,0.1513262428661038,2,0.06498763984635418,0,52,1,1,1214,7477,52,0,141.0754716981132
1,0.3647140449527086,2,0.05275647269382124,0,112,0,0,554,57539,1222,0,47.04742436631235
1,0.2598224027027847,1,0.1207450250822528,0,113,0,1,1981,60387,1462,0,41.276144907723854
1,0.28488808207086347,1,0.0832943737992272,0,129,0,0,110,70703,227,0,310.10087719298247
1,0.2689020948435221,1,0.11026032668745943,0,72,0,0,17,368,438,1,0.8382687927107062
1,0.06270417146065572,2,0.032667120265135276,0,94,1,1,1142,97657,78,0,1236.1645569620252
1,0.14181928353144296,2,0.11180966087123093,0,109,1,0,1458,70541,329,0,213.76060606060605
1,0.3242734281350368,2,0.037119447184971954,1,73,1,0,855,53465,772,0,69.16558861578267
1,0.13689020991156184,2,0.11092119808261701,1,22,0,0,1888,26567,324,0,81.74461538461539
1,0.3337833011424387,4,0.11166632517563305,0,49,1,0,893,58641,1049,0,55.848571428571425
1,0.14138927682428823,4,0.05783287522375039,0,71,0,0,1581,2559,1339,0,1.9097014925373135
1,0.035358786858703355,2,0.11995377930041867,1,23,1,0,669,78672,797,0,98.58646616541354
1,0.5634648916141324,1,0.2758175919643252,0,8,0,0,19,178,206,1,0.8599033816425121
1,0.27671105565679294,2,0.1491846385026787,0,99,1,1,1537,10907,596,0,18.269681742043552
0,0.5521046708125276,2,0.07893377097325285,0,40,1,0,5,76,228,1,0.3318777292576419
1,0.00699928559495544,2,0.012810372643631074,0,113,0,0,924,667,393,0,1.6928934010152283
1,0.3984897972178555,1,0.13973166106597804,0,78,1,0,1431,39259,691,0,56.732658959537574
1,0.02642212312886403,2,0.05760286109474372,0,24,0,0,1299,40824,858,0,47.525029103608844
0,0.6796462393454257,1,0.19526321071415825,0,56,0,0,15,350,240,1,1.4522821576763485
1,0.28386342597577374,1,0.1528266384449369,0,27,0,0,9,91,313,1,0.2898089171974522
1,0.013750743340690087,2,0.1497841209878443,0,40,1,0,1900,66278,1362,0,48.62655906089508
1,0.2532215202542334,3,0.10649889174958119,0,16,0,0,3,133,228,1,0.5807860262008734
1,0.4924587189497082,2,0.0009654790812836044,0,44,0,0,5,145,161,1,0.8950617283950617
1,0.28406790545987154,3,0.12378655225458712,0,66,0,0,3,151,80,1,1.8641975308641976
1,0.18760997588715342,2,0.0073722585517765555,0,142,1,0,1336,75065,1083,0,69.24815498154982
1,0.16444536679793945,2,0.03934114827224773,0,88,1,0,1101,38347,1478,0,25.92765382014875
1,0.09727199210569037,4,0.05569063807580907,0,83,0,0,199,64365,425,0,151.09154929577466
1,0.18559416697615233,2,0.10247633448597271,0,106,0,1,795,19839,1277,0,15.523474178403756
1,0.6489558142301951,1,0.2191951530717738,0,9,0,0,14,432,55,1,7.714285714285714
1,0.5365627829212318,2,0.26526193900452233,0,36,0,0,13,228,336,1,0.6765578635014837
0,0.5222639250911287,2,0.09093850678359858,0,7,0,0,5,293,377,1,0.7751322751322751
1,0.5498249365818153,2,0.01059340648207172,0,58,0,0,18,497,132,1,3.736842105263158
1,0.23841743819105887,3,0.07547003321224796,0,106,1,0,806,75387,227,0,330.64473684210526
1,0.685924667512781,1,0.06481145475287987,0,12,0,1,18,376,366,1,1.0245231607629428
1,0.1335106388279191,2,0.01959515723360396,0,132,0,0,1615,80091,258,0,309.2316602316602
1,0.09415330475934303,2,0.09831539676609918,0,29,0,1,1194,70660,393,0,179.34010152284264
0,0.28612892421165426,3,0.0872383256774633,1,88,1,0,904,24786,457,0,54.11790393013101
1,0.7698799479751546,1,0.18237152783803337,0,44,0,0,8,429,142,1,3.0
1,0.23853859899871038,3,0.04015026557914463,1,147,1,0,60,18804,1430,0,13.140461215932914
1,0.7097884344064469,1,0.05434480486040409,0,29,0,0,13,389,248,1,1.5622489959839359
1,0.30522276717406976,2,0.17946758821912165,0,40,1,0,19,402,428,1,0.9370629370629371
1,0.24387276331031096,2,0.06365580390804519,0,90,1,1,1973,17356,663,0,26.13855421686747
1,0.40094336879425174,1,0.07236043727986244,0,24,1,0,1,268,302,1,0.8844884488448845
1,0.5640290278297135,2,0.08896067438629657,0,76,0,0,13,402,412,1,0.9733656174334141
1,0.2805996405860664,2,0.012992964128204105,0,36,1,0,910,79699,195,0,406.6275510204082
1,0.12839881825635913,2,0.07681328650479959,1,77,1,1,1679,95898,1241,0,77.21256038647343
1,0.3200550331008304,2,0.03978427837540119,0,97,1,0,1290,20854,1272,0,16.381775333857032
0,0.38977572425539014,2,0.06303744027113128,0,29,0,0,1113,71935,797,0,90.14411027568923
1,0.06673943128223106,3,0.14423155843216642,1,143,0,1,1135,28883,669,0,43.1089552238806
0,0.34909348388867945,1,0.029424774235273374,0,59,0,0,4,457,406,1,1.1228501228501229
1,0.2480939395844482,1,0.07263197090214625,0,33,0,1,162,16463,1411,0,11.659348441926346
0,0.5390799101535254,1,0.02162530079960201,0,58,0,0,11,438,250,1,1.745019920318725
1,0.5312283085111882,2,0.13458318928636276,0,54,0,0,19,167,462,1,0.36069114470842334
1,0.2521521728524542,2,0.010848114157428633,0,49,0,0,18,110,364,1,0.3013698630136986
1,0.337491517084103,3,0.025751729256482534,0,52,0,1,1999,57064,1363,0,41.83577712609971
1,0.277351015407541,1,0.017559661947279398,1,93,1,1,1273,46199,454,0,101.53626373626373
1,0.07887319278722651,1,0.050603861753591946,1,96,0,0,1833,53323,1449,0,36.77448275862069
1,0.3867874058473262,3,0.11139539845225357,0,147,1,1,170,77822,813,0,95.60442260442261
1,0.05655342168653608,2,0.06415036287362536,0,46,0,1,106,72042,843,0,85.35781990521328
1,0.3478412199434641,1,0.13105521078455387,0,60,0,0,2,167,199,1,0.835
1,0.6074613914866938,2,0.2478202890757585,0,25,0,0,8,34,233,1,0.1452991452991453
1,0.5561554721324293,2,0.038314045090570445,0,56,0,0,3,462,103,1,4.4423076923076925
1,0.29436816254957954,2,0.007940390335322739,0,144,1,0,1689,36633,1166,0,31.39074550128535
1,0.1071989067537512,2,0.13219463184211375,0,89,1,1,1099,10781,1159,0,9.293965517241379
1,0.26007486657826134,2,0.13800572461635788,0,78,1,0,1598,90345,163,0,550.8841463414634
1,0.23172536111538436,2,0.055775517684962916,0,144,1,1,1358,70358,571,0,123.0034965034965
1,0.5013170061987455,3,0.2660774700627808,0,37,0,0,0,362,67,1,5.323529411764706
1,0.43357736842518596,2,0.1151498855799132,0,70,0,0,6,44,322,1,0.13622291021671826
1,0.7519133698476563,1,0.15909063997474748,1,76,1,0,19,27,174,1,0.15428571428571428
1,0.5429676136819399,2,0.2768271571540183,0,12,0,0,13,427,227,1,1.8728070175438596
0,0.49071379111461283,2,0.287287585351614,0,19,0,1,19,149,183,1,0.8097826086956522
1,0.09315165846072603,2,0.11851970605891624,0,101,0,0,1388,2469,1442,0,1.711018711018711
1,0.07963736797437027,2,0.08087906911909716,1,141,1,0,1726,66727,1138,0,58.583845478489906
1,0.3964984113067488,2,0.1870757064008279,0,75,1,0,19,265,139,1,1.8928571428571428
1,0.3180441130106899,3,0.04283694243579545,1,79,1,1,753,67538,99,0,675.38
1,0.5487429328535675,3,0.04054988674644683,0,36,0,1,0,11,52,1,0.20754716981132076
1,0.1391289389732184,2,0.14532220358667067,0,109,1,0,383,25872,314,0,82.13333333333334
1,0.5846885797311785,1,0.25226147382777675,0,32,1,0,3,25,322,1,0.07739938080495357
1,0.5668725412607888,2,0.204068333762506,0,74,1,0,13,439,65,1,6.651515151515151
0,0.3247317530876164,1,0.16626795423960497,0,64,1,0,5,449,73,1,6.0675675675675675
1,0.4222832616748292,2,0.16868904476337293,1,51,0,0,13,428,264,1,1.6150943396226416
1,0.6011859319546586,3,0.24674416909030827,0,46,1,0,16,407,347,1,1.1695402298850575
0,0.40196256691635235,1,0.09354483992557787,0,40,0,0,6,493,165,1,2.9698795180722892
1,0.2706506497340847,1,0.1494767046790361,0,67,0,0,12,344,163,1,2.097560975609756
1,0.43033473282392687,1,0.005757683046917005,0,12,1,0,11,5,383,1,0.013020833333333334
1,0.4616759174811901,3,0.2166212814608211,1,71,1,0,14,258,474,1,0.5431578947368421
1,0.3648832947126103,2,0.049238263391600555,0,101,1,1,83,7084,95,0,73.79166666666667
1,0.050100492438483184,2,0.05490423986197729,1,114,0,0,1600,6674,627,0,10.627388535031848
1,0.39664973718449126,3,0.12927657349422447,0,109,1,0,798,51726,1458,0,35.45305003427005
0,0.25617890959730116,1,0.03695223708634528,0,29,1,0,446,21426,115,0,184.70689655172413
1,0.052128173268934354,1,0.08940958966508926,1,89,0,1,787,14065,70,0,198.09859154929578
1,0.3514621666064125,1,0.13511128087745553,0,23,1,0,19,52,223,1,0.23214285714285715
1,0.003931021027915138,2,0.10709369217971572,0,65,1,1,570,54433,668,0,81.36472346786248
1,0.3088612610538784,1,0.22829722800842814,0,38,1,0,10,57,480,1,0.11850311850311851
1,0.36444820055678306,1,0.06095496079161922,0,91,1,0,1806,54260,1082,0,50.10156971375808
1,0.35633285931585346,1,0.08052887197539275,0,99,1,1,299,16009,898,0,17.807563959955505
1,0.328735729101161,1,0.011776480268041479,0,87,1,1,1252,88077,1429,0,61.59230769230769
1,0.09744591679287772,2,0.04311038007682238,1,47,1,0,445,22758,1407,0,16.163352272727273
1,0.6385204851221866,1,0.07175403126477768,0,33,0,0,1,333,128,1,2.5813953488372094
0,0.3064981891041516,2,0.07922665821345257,1,60,1,1,895,57446,1046,0,54.867239732569246
1,0.042811653684415245,2,0.045646138773129646,0,33,1,0,1906,35086,1483,0,23.642857142857142
1,0.2564344414328638,1,0.11857704113004716,0,20,0,0,342,33026,235,0,139.9406779661017
1,0.13984575952308886,3,0.13421213562469517,0,117,0,0,1659,85339,898,0,94.9265850945495
1,0.2522541179932322,2,0.12552951333398885,0,75,0,0,1734,65692,818,0,80.21001221001221
1,0.09666356832767407,3,0.10291367309152302,0,132,1,1,1472,69937,65,0,1059.6515151515152
1,0.387330784039702,1,0.03481178667992475,0,73,0,0,456,4025,1109,0,3.626126126126126
1,0.2730046920464801,3,0.037799733246610755,0,102,0,0,739,89823,1141,0,78.65411558669001
0,0.5916476647111248,2,0.002799485948127989,0,54,0,0,10,295,347,1,0.8477011494252874
1,0.1664643785624631,3,0.04747031760922479,0,47,1,0,496,47706,304,0,156.41311475409836
1,0.0056786537886894806,2,0.04104995773821865,0,136,0,1,878,86755,187,0,461.46276595744683
1,0.7260593820570498,1,0.14280543881062996,0,57,0,1,13,75,389,1,0.19230769230769232
1,0.2704782985426157,3,0.03767880069067008,0,31,1,0,980,51532,574,0,89.62086956521739
1,0.532506801509476,1,0.10027149560881823,0,57,1,0,14,220,357,1,0.6145251396648045
1,0.7503881452773458,2,0.28698438632503737,0,48,0,0,17,142,247,1,0.5725806451612904
1,0.5767402336945447,1,0.15988733596540058,0,24,0,0,13,397,222,1,1.7802690582959642
1,0.17400583773608935,3,0.05480502623259792,0,104,1,0,1345,44753,378,0,118.08179419525067
1,0.5991183324177202,1,0.1581124391734955,0,53,0,0,14,136,403,1,0.33663366336633666
1,0.3583262926240779,2,0.1394882644718497,0,110,0,0,1591,22046,344,0,63.90144927536232
1,0.029066235032462685,4,0.08929152616560818,0,119,1,0,1040,52676,312,0,168.29392971246006
1,0.10324305726936589,2,0.12817731538661242,0,146,0,0,1207,33389,909,0,36.691208791208794
1,0.4452405026588579,1,0.25221090840335997,0,69,0,0,12,49,242,1,0.20164609053497942
1,0.37150536848219695,2,0.12892544634373468,0,111,0,0,1905,54707,1409,0,38.799290780141845
1,0.07035611336746483,2,0.07913694336380256,0,139,0,0,418,62023,329,0,187.94848484848484
1,0.5138392548614716,1,0.12782501516711145,0,64,0,0,4,231,401,1,0.5746268656716418
1,0.32820300169284367,1,0.07276093637140431,0,24,1,0,832,54499,245,0,221.54065040650406
1,0.2830482342962141,2,0.11986232186579317,0,61,0,0,144,95649,1430,0,66.84067085953879
0,0.4394016223220782,2,0.23076694435144007,0,58,1,0,10,79,376,1,0.20954907161803712
1,0.39494738892488,1,0.07369956478681963,0,139,1,0,1726,39526,927,0,42.5926724137931
1,0.5541769655088847,1,0.09168126464706446,0,41,0,0,0,428,335,1,1.2738095238095237
0,0.27306846098510373,3,0.08447465826809324,0,57,0,1,75,87016,325,0,266.92024539877303
1,0.04495881087040519,1,0.08387049846944526,1,27,0,0,1975,12923,893,0,14.455257270693512
1,0.5389046799575699,1,0.2525995658670184,0,61,0,0,2,404,456,1,0.8840262582056893
1,0.7363355498305746,1,0.03292085960325105,0,23,0,0,13,337,396,1,0.8488664987405542
1,0.14491739600008194,4,0.14128583808906303,1,28,0,1,1537,98680,1345,0,73.31352154531946
1,0.10671781977353234,2,0.12171989087275226,0,116,1,0,369,87839,560,0,156.57575757575756
1,0.14387022448922712,3,0.11495269208360853,0,48,1,0,656,74192,55,0,1324.857142857143
1,0.3510794353441717,2,0.13844323938742023,0,6,0,0,3,373,179,1,2.0722222222222224
1,0.6295833373084385,1,0.17710430713763187,0,67,1,0,14,346,101,1,3.392156862745098
1,0.6799496512239137,2,0.048021490486371894,0,17,0,0,15,20,480,1,0.04158004158004158
0,0.5446838679079472,1,0.20764840250823957,0,17,0,0,5,318,341,1,0.9298245614035088
1,0.10606829647334225,1,0.12388323396402218,1,120,1,1,1684,6147,444,0,13.813483146067416
1,0.270092335024815,2,0.12974924643116645,0,139,1,0,1757,16840,1453,0,11.581843191196699
0,0.6395432583261502,2,0.08192124299184372,0,22,1,0,17,38,384,1,0.0987012987012987
0,0.7981245511075685,1,0.05924114695798119,0,49,0,0,14,426,489,1,0.8693877551020408
1,0.03653029373342283,1,0.09764576178278167,0,146,1,1,897,89539,820,0,109.06090133982947
1,0.1317517077208303,1,0.0775697838015957,1,71,0,0,1946,84296,1191,0,70.71812080536913
1,0.06958548236133547,1,0.03229035686787514,0,140,1,0,1792,40248,432,0,92.95150115473442
1,0.29497257657084885,2,0.13586351859546716,0,80,1,0,1935,28314,1468,0,19.27433628318584
1,0.3329564166807632,2,0.08552808236997067,0,94,1,0,1179,6865,224,0,30.511111111111113
1,0.14667155188119257,2,0.092314337254939,0,48,1,0,425,63788,1236,0,51.56669361358124
1,0.2733717660629082,3,0.10155567223230152,0,79,0,0,1800,628,824,0,0.7612121212121212
1,0.22910811067477832,2,0.11345340821154515,1,96,0,0,266,2279,1448,0,1.572808833678399
1,0.1785305439946245,4,0.09338630967491725,1,106,1,0,1384,88595,61,0,1428.9516129032259
1,0.08468574885918834,4,0.04640528431200192,1,96,0,1,1655,31870,251,0,126.46825396825396
1,0.23324230291195922,1,0.10401012801435659,0,38,0,0,1415,65178,979,0,66.50816326530612
1,0.20115020802623396,3,0.07010810031718881,0,44,0,0,1033,4363,379,0,11.48157894736842
1,0.019717797105766578,2,0.02987353463956005,0,40,1,0,1119,10647,302,0,35.13861386138614
1,0.07463603874926701,2,0.0998647860398051,0,36,0,0,301,14504,683,0,21.204678362573098
1,0.3440873712669159,1,0.040931925767019935,0,33,0,0,15,416,265,1,1.5639097744360901
1,0.6485656281057508,2,0.23079146809240192,0,46,0,0,1,495,83,1,5.892857142857143
1,0.041725234940752864,2,0.03755380943562832,1,38,1,0,1719,46639,1237,0,37.67285945072698
1,0.5424669828013472,1,0.1341607621514507,0,10,1,0,17,339,442,1,0.7652370203160271
1,0.09090442142386493,2,0.06985883665012463,1,77,1,0,1176,62713,1431,0,43.79399441340782
1,0.7668594379294569,2,0.036565828001084266,0,55,0,0,11,236,357,1,0.659217877094972
1,0.13682777386302214,2,0.12414153920237299,0,123,1,0,586,18140,771,0,23.497409326424872
1,0.30402415717685294,2,0.11418698804297402,0,48,0,0,8,194,295,1,0.6554054054054054
1,0.30071926543477323,2,0.04483892251474998,0,75,1,0,420,33819,1150,0,29.382276281494352
1,0.039044015243596644,4,0.013455137852226866,0,69,1,0,1751,27026,1203,0,22.4468438538206
1,0.3019309833449325,2,0.08428154343622697,1,93,0,0,1687,18147,102,0,176.18446601941747
1,0.05769600844724141,1,0.10411974809643552,0,20,1,1,1090,76862,1011,0,75.9505928853755
1,0.1620788570301319,2,0.0722850250664966,0,66,0,0,130,32696,958,0,34.09384775808133
1,0.39024076766266097,3,0.08431663239348443,0,99,0,0,1246,73466,850,0,86.32902467685076
1,0.48437698415772346,1,0.1735160751019227,0,66,1,0,14,368,407,1,0.9019607843137255
0,0.09759812094098891,2,0.10263136127827299,0,100,0,1,95,71696,352,0,203.10481586402267
1,0.4776078714017639,2,0.24826136867006227,0,52,1,1,15,248,318,1,0.7774294670846394
1,0.17565226432194023,2,0.08533821087670744,1,41,0,0,133,15839,114,0,137.73043478260868
1,0.10938980614999193,3,0.052834646260611795,1,74,1,0,811,10015,65,0,151.74242424242425
1,0.03257888515646368,1,0.12528660902382985,1,66,0,0,74,19032,636,0,29.877551020408163
0,0.2496792007550759,1,0.03550085727701619,1,25,1,0,19,33,123,1,0.2661290322580645
1,0.05578009448206407,3,0.01322133650861882,0,145,1,0,1851,4495,161,0,27.746913580246915
1,0.2573715798069323,2,0.01344783468535185,1,128,1,0,245,13833,1301,0,10.62442396313364
0,0.3934123069848338,2,0.19224789440706186,0,70,0,0,11,419,302,1,1.3828382838283828
1,0.6981319187401951,1,0.24002129060974783,0,16,0,0,6,147,69,1,2.1
1,0.23297403075531836,3,0.020759637895218685,0,119,0,0,661,30379,613,0,49.4771986970684
1,0.737801491112672,1,0.05640742038462484,0,7,1,0,10,400,231,1,1.7241379310344827
1,0.262203988738445,3,0.1210660530479269,0,52,1,0,784,8833,729,0,12.1
1,0.3035907327416123,3,0.0024186969558322334,1,86,1,0,545,35499,733,0,48.36376021798365
1,0.7790161463999077,2,0.20851056865756595,0,55,1,0,9,140,255,1,0.546875
0,0.6108387035323276,2,0.1140586856357571,0,34,0,1,9,420,128,1,3.255813953488372
1,0.23907293420938364,1,0.01751218541531933,0,144,1,0,1274,72893,1441,0,50.5499306518724
0,0.12163785438851354,2,0.019030924209463996,0,96,0,0,722,75581,643,0,117.36180124223603
1,0.10113496027611571,4,0.1462630754561522,0,108,0,0,525,38845,1070,0,36.26984126984127
1,0.050257396964925594,3,0.08275319517096925,0,40,0,0,411,59104,427,0,138.09345794392524
1,0.05133997064587792,1,0.10602053943157577,0,99,0,1,400,38411,1344,0,28.558364312267656
1,0.003634813980486529,4,0.03699846702671667,0,50,0,0,580,88778,770,0,115.14656290531777
1,0.10542059179871113,2,0.02757193342227224,0,51,1,0,1301,11619,363,0,31.92032967032967
1,0.33372991829975945,2,0.03384968745780826,0,97,1,0,62,21546,542,0,39.67955801104972
0,0.31537341128520247,2,0.02569747487892916,0,54,0,0,11,471,79,1,5.8875
1,0.327798274154421,2,0.11912018425984085,0,35,1,1,425,2119,1100,0,1.9246139872842871
1,0.37226890222495934,2,0.02322620919711824,0,105,0,1,1898,66366,1285,0,51.606531881804045
1,0.2751076825462939,2,0.007167204702210805,0,109,1,0,812,28904,1223,0,23.61437908496732
1,0.6904661370430647,2,0.28742204403581406,0,36,1,0,19,330,488,1,0.6748466257668712
1,0.00247352905635867,2,0.04294197931679113,1,55,1,1,1127,99376,225,0,439.716814159292
1,0.6029439173556799,1,0.16506796264687854,0,64,1,0,19,356,206,1,1.7198067632850242
0,0.7979821022443434,1,0.21484520226695805,0,40,0,0,9,345,86,1,3.9655172413793105
1,0.3508481870649152,2,0.029950460706097002,1,95,0,1,1751,51558,955,0,53.93096234309623
1,0.23191713753318202,2,0.09506749271209314,1,51,1,0,1664,49577,1499,0,33.05133333333333
1,0.5195536595309516,2,0.289746648345966,1,47,0,0,14,187,495,1,0.37701612903225806
1,0.26430320680386565,2,0.2781533458438358,0,3,1,0,17,294,164,1,1.7818181818181817
1,0.36404424315842376,2,0.09218698947788596,1,63,0,1,0,454,446,1,1.0156599552572707
1,0.12149401849003977,2,0.06566722159494298,1,65,0,0,1160,99646,1164,0,85.53304721030042
1,0.2985594787585958,2,0.09187608623598349,0,27,1,0,8,159,96,1,1.6391752577319587
1,0.6914613906045199,1,0.21885246859571902,0,35,1,0,7,8,337,1,0.023668639053254437
1,0.18372147528522953,3,0.04625281825142981,0,97,1,0,650,77438,286,0,269.81881533101046
1,0.21625759550209012,1,0.08926453539564617,0,55,0,0,10,346,412,1,0.837772397094431
0,0.4772034821864797,1,0.01999561216820699,0,76,0,0,15,50,130,1,0.3816793893129771
1,0.6581634764958566,1,0.1174577094533488,0,26,0,0,6,224,498,1,0.44889779559118237
1,0.37109829323016297,3,0.11742729269799862,1,81,1,0,153,61787,205,0,299.93689320388347
1,0.7134178808637714,1,0.12044829475838648,0,58,0,0,15,342,177,1,1.9213483146067416
1,0.28639387741668965,3,0.08862068002768737,0,98,0,0,1406,49784,1205,0,41.28026533996683
1,0.7701424122924816,1,0.017116416345376296,1,22,1,0,2,376,451,1,0.831858407079646
1,0.3615459385696286,1,0.29774505064751255,0,11,0,0,18,412,124,1,3.296
1,0.2818228853520619,2,0.23415765457315854,0,65,0,0,9,331,171,1,1.9244186046511629
1,0.7620978435948549,2,0.24950911310273202,1,3,0,0,15,490,157,1,3.1012658227848102
1,0.27716809168991546,1,0.029226073748304614,1,88,1,0,947,12307,214,0,57.24186046511628
0,0.22200992173435874,1,0.029002934894015883,0,52,1,0,19,41,386,1,0.10594315245478036
1,0.11259092098036777,2,0.11933165878899721,0,43,1,0,462,93245,1397,0,66.69885550786839
1,0.39098262527353705,1,0.06873072078783239,0,140,1,0,367,89244,1076,0,82.86350974930362
1,0.013369428974201503,2,0.128811745279437,0,96,0,0,1553,65120,1332,0,48.85221305326331
0,0.06549158315166839,2,0.07902257490756201,0,105,1,0,1433,63869,823,0,77.51092233009709
0,0.4103525352839582,1,0.2467842955541035,0,22,0,0,10,28,269,1,0.1037037037037037
1,0.23230239962226365,3,0.128847082068333,0,68,0,1,1663,59975,841,0,71.229216152019
0,0.22713120206371365,2,0.05873339570506383,0,58,0,0,2,29,238,1,0.12133891213389121
1,0.3702655434792347,1,0.16614067221371287,0,63,0,0,19,391,263,1,1.481060606060606
0,0.7724306163552335,2,0.2127138785167298,0,18,0,0,8,151,109,1,1.3727272727272728
0,0.3632870823379777,1,0.18306754484329238,0,3,0,0,17,153,178,1,0.8547486033519553
0,0.3331832971597697,2,0.16950659785770483,0,63,0,0,18,136,334,1,0.4059701492537313
1,0.36798745619617057,1,0.14611857564568076,0,32,0,0,6,0,112,1,0.0
1,0.10725729184476834,2,0.08002203131171742,0,101,1,1,551,73439,1182,0,62.07861369399831
1,0.6983716446726376,1,0.01733416829890999,0,53,0,0,2,189,99,1,1.89
1,0.21859054441015058,1,0.0833806221298439,0,48,1,0,1362,75357,1462,0,51.50854408749146
1,0.5311441032646913,3,0.24575665782803705,0,14,0,0,9,457,138,1,3.287769784172662
1,0.12063474794942063,3,0.062266076528239886,0,96,1,1,1636,61109,475,0,128.38025210084032
1,0.41743633946997993,2,0.10148025179834952,0,56,1,1,10,231,237,1,0.9705882352941176
1,0.02204061406353244,2,0.061545558280899304,0,27,1,0,1353,47545,1282,0,37.0576773187841
1,0.0450012522106527,2,0.05494295793097833,1,50,0,1,569,56327,566,0,99.34215167548501
1,0.3990689053058637,2,0.048528692060555684,0,91,0,0,512,57001,1414,0,40.28339222614841
1,0.7232743453664909,1,0.025437604813740966,0,71,0,0,13,337,154,1,2.174193548387097
1,0.21127570470254248,1,0.06899129269409442,0,36,0,0,687,23116,1327,0,17.406626506024097
1,0.7638992741680852,1,0.06456056160517125,0,9,1,0,19,93,464,1,0.2
1,0.11165218830970787,2,0.08654041850172595,1,76,0,0,1773,31215,640,0,48.697347893915754
1,0.5618912656798329,2,0.12297146690888647,0,18,0,0,5,344,241,1,1.421487603305785
1,0.4298831169496985,3,0.2799339994030673,0,10,0,0,13,335,217,1,1.536697247706422
1,0.1728269140266471,2,0.13777822956646818,0,116,1,0,1300,90460,500,0,180.55888223552896
1,0.08235279527132847,1,0.04809298598253401,1,142,1,0,1681,65363,1350,0,48.38119911176906
1,0.11689958269575516,1,0.0442052054828292,1,134,0,0,1668,55908,543,0,102.7720588235294
0,0.6927543828032078,1,0.11834288357101058,0,26,1,0,17,460,494,1,0.9292929292929293
0,0.23109412209345617,1,0.1297493634990396,0,27,1,0,9,153,148,1,1.0268456375838926
1,0.7919091492757879,1,0.15470382830894933,0,18,0,0,4,387,434,1,0.8896551724137931
1,0.3471918506923612,2,0.11252412494319014,1,126,1,0,1762,87787,1079,0,81.28425925925926
1,0.27867559514927875,2,0.10455195209013944,0,135,1,0,479,41468,208,0,198.41148325358853
1,0.21591932232429184,1,0.001568884062873821,0,42,0,0,1,24,433,1,0.055299539170506916
1,0.18690439840300105,3,0.09104596744113981,0,143,1,0,1901,55300,237,0,232.35294117647058
0,0.5570467584201529,2,0.07778902765973213,0,18,0,0,0,29,127,1,0.2265625
1,0.3850930335444556,1,0.02024677291074631,0,136,1,0,1998,10752,1489,0,7.2161073825503355
1,0.17961510414798468,1,0.14048553271062586,1,57,1,1,1482,89782,919,0,97.5891304347826
0,0.47646726081963553,1,0.1557179372724811,0,52,1,0,4,24,259,1,0.09230769230769231
1,0.3832552479217985,1,0.030526666249782966,0,31,0,0,1192,4400,203,0,21.568627450980394
1,0.3459033145996725,1,0.297542985404809,0,3,0,0,19,76,228,1,0.3318777292576419
1,0.5216578198064723,2,0.14375456328891928,0,46,0,1,11,186,296,1,0.6262626262626263
1,0.011248602511169504,2,0.06447468862695038,0,138,0,0,924,31581,713,0,44.23109243697479
1,0.1986973712023938,1,0.10646775753359587,1,111,0,1,713,57510,1371,0,41.916909620991255
1,0.15779175633554302,4,0.06609046710887621,0,92,0,0,137,55873,431,0,129.33564814814815
1,0.47548145374295686,2,0.06958412883479262,0,60,1,0,5,209,431,1,0.4837962962962963
0,0.7939761394339673,2,0.03169940527852317,0,77,1,0,3,424,417,1,1.014354066985646
1,0.6613924491083063,1,0.12406473045760545,0,34,1,0,8,89,122,1,0.7235772357723578
1,0.32850376814913823,3,0.037171866436036025,0,108,1,0,1030,51671,1359,0,37.993382352941175
1,0.21501605745613853,2,0.010962763653922536,0,124,1,0,94,48891,976,0,50.041965199590585
1,0.5249805287965201,3,0.14429186696583712,1,0,0,0,13,236,447,1,0.5267857142857143
0,0.45126231493524394,1,0.2995042534178849,0,68,1,0,14,417,103,1,4.009615384615385
1,0.29314414755842755,2,0.0129521207391035,0,43,0,0,6,87,120,1,0.71900826446281
1,0.5845248468819289,2,0.2973767981106565,1,55,1,1,1,67,84,1,0.788235294117647
0,0.5793585727517183,1,0.06738468355315558,0,30,1,0,14,408,367,1,1.108695652173913
1,0.2708497053930256,2,0.024147664753106212,0,59,1,0,997,30536,959,0,31.808333333333334
1,0.3866936910140433,2,0.13236617870213724,0,114,0,0,1465,27684,209,0,131.82857142857142
1,0.4487744742362143,1,0.07220781354975149,0,53,1,0,2,63,162,1,0.38650306748466257
1,0.09786202184188522,2,0.005451112247436368,0,57,1,0,1210,79162,427,0,184.95794392523365
1,0.3808267244984853,2,0.22008431416842061,0,43,0,0,1,481,50,1,9.431372549019608
0,0.719638333700245,1,0.005469774802908489,0,66,0,0,15,131,379,1,0.3447368421052632
1,0.5113028342756434,2,0.2903580104535091,0,21,0,0,13,482,146,1,3.2789115646258504
1,0.33664880301710964,2,0.017211293750728784,1,83,0,0,620,89162,1310,0,68.01067887109078
0,0.34290966862803596,1,0.07400365935648691,0,25,0,0,12,111,484,1,0.2288659793814433
1,0.4383723743362204,1,0.28660040595117847,0,46,0,0,5,438,321,1,1.360248447204969
1,0.3475746370307049,2,0.06255315430720074,0,67,0,0,11,135,245,1,0.5487804878048781
1,0.06660141881980604,1,0.0379801745054965,1,66,1,0,509,33171,1028,0,32.23615160349854
1,0.213919786512477,1,0.060750164788132256,0,120,0,1,904,88766,949,0,93.43789473684211
1,0.2908074108056536,1,0.0015070471582247392,1,128,1,0,637,69867,1282,0,54.455962587685114
1,0.051942805367152414,1,0.06269527620208305,1,78,1,0,1346,19565,1194,0,16.372384937238493
1,0.636913253722162,1,0.04004399172478313,0,23,0,0,0,478,174,1,2.7314285714285713
1,0.23230743344576865,2,0.1398755929646074,0,120,0,1,1444,40747,1318,0,30.892342683851403
1,0.37934782111556764,1,0.09678564668299974,0,138,0,1,379,543,475,0,1.1407563025210083
1,0.022485562183951393,1,0.02279702737110768,0,92,1,0,1926,9570,113,0,83.94736842105263
1,0.5016322340554875,2,0.003309379328594164,1,52,1,0,11,322,495,1,0.6491935483870968
1,0.09905265722857548,2,0.1310041676762157,0,42,1,0,982,3438,803,0,4.276119402985074
1,0.18115334416620468,2,0.10633500093773736,0,114,1,0,699,8563,1306,0,6.551644988523336
1,0.34682407295157897,2,0.1285425194804082,0,69,1,0,1535,17876,62,0,283.74603174603175
1,0.18334539177052248,1,0.028036094467517723,1,131,0,0,650,85715,124,0,685.72
0,0.312226249134514,2,0.22944294027089862,0,10,1,1,0,490,236,1,2.067510548523207
1,0.07699726025433083,2,0.10882022526752443,0,108,1,0,392,55515,702,0,78.96870554765292
1,0.05820619311494366,3,0.10039731245452525,0,39,1,0,1034,33817,424,0,79.56941176470588
1,0.3573584265798951,2,0.28220377353460213,0,40,1,0,0,9,255,1,0.03515625
1,0.045586354847696464,2,0.14711417615832773,0,125,1,0,829,51650,1327,0,38.89307228915663
1,0.10305279950541167,3,0.14700081947952254,0,62,1,0,247,75999,519,0,146.15192307692308
0,0.6530823534041714,1,0.2519583908600161,0,72,0,0,2,422,258,1,1.6293436293436294
1,0.2187098810367708,1,0.08961767207663192,0,7,1,1,19,489,351,1,1.3892045454545454
1,0.18316011805082857,2,0.049429562066099504,0,68,1,1,1338,63297,328,0,192.3920972644377
1,0.2374738479634933,3,0.12048181848661398,0,59,0,0,210,30414,270,0,112.22878228782288
1,0.18373746223758258,2,0.10037312333022762,0,64,1,0,392,33749,992,0,33.98690835850957
1,0.5766248318428508,1,0.0036362323931679818,0,34,0,0,6,428,241,1,1.7685950413223142
0,0.428534513978613,1,0.2803308080416543,0,21,1,1,16,221,305,1,0.7222222222222222
1,0.7525051295704235,2,0.006283488309273844,0,31,1,0,19,97,300,1,0.3222591362126246
0,0.6428201698558224,2,0.2356954854240696,0,75,0,1,14,401,149,1,2.6733333333333333
1,0.4136580355387078,2,0.1801783000081852,0,64,0,1,17,174,158,1,1.0943396226415094
1,0.3375508371395849,1,0.20644041182596265,0,5,1,1,3,34,177,1,0.19101123595505617
0,0.38617945384024854,4,0.059771814316382156,0,85,0,1,1984,16447,798,0,20.58448060075094
1,0.4552618631698501,2,0.1507698229390327,0,67,1,0,3,109,258,1,0.42084942084942084
1,0.30712679723260017,1,0.13846724232593696,0,18,0,0,18,89,381,1,0.23298429319371727
1,0.13069555622745344,1,0.07418955791456382,1,60,1,0,1793,81555,1266,0,64.36858721389108
1,0.4456469913147443,1,0.11049285915205449,0,65,1,1,7,321,175,1,1.8238636363636365
1,0.6168178825126561,1,0.047672450300806066,0,23,0,0,3,136,389,1,0.3487179487179487
1,0.7766421904816732,2,0.18388187474835765,0,51,0,1,19,150,411,1,0.3640776699029126
1,0.3478783539406536,2,0.019359768724359443,0,35,1,0,1692,36151,835,0,43.24282296650718
1,0.4705036228424793,1,0.0522328006002253,0,4,0,1,14,125,327,1,0.38109756097560976
1,0.2277219937648808,2,0.03326692379003196,0,57,1,1,189,95912,1377,0,69.60232220609579
1,0.6280097515307315,2,0.2268489986685738,0,78,0,0,5,479,201,1,2.371287128712871
1,0.20749913884588378,2,0.030176284843331916,0,45,1,0,1047,10160,514,0,19.728155339805824
1,0.2626250809598609,2,0.09921993079854778,0,33,0,0,399,74366,1094,0,67.91415525114155
0,0.22452116975988734,1,0.2682572623992355,0,26,0,0,12,21,354,1,0.059154929577464786
0,0.5863997259434095,2,0.15175580788554868,0,27,1,0,10,134,119,1,1.1166666666666667
1,0.27732783314638954,1,0.12129563043128763,0,59,0,0,11,442,373,1,1.1818181818181819
0,0.29977002125364766,1,0.1908532094124698,0,20,0,0,9,438,114,1,3.8086956521739133
1,0.3347628937639892,2,0.29399109880765517,0,74,0,0,1,45,81,1,0.5487804878048781
1,0.4093209599257972,2,0.017449138651642736,0,37,0,1,2,24,200,1,0.11940298507462686
0,0.6314275431105474,3,0.0553428759400918,0,25,0,0,16,121,72,1,1.6575342465753424
1,0.3256095940020262,3,0.018042702780235564,0,53,0,0,14,441,451,1,0.9756637168141593
1,0.09550070843440964,1,0.14952739264221598,0,60,1,0,850,360,1012,0,0.35538005923000987
1,0.5564784292112812,2,0.018080217086868255,1,79,1,0,3,267,415,1,0.6418269230769231
1,0.3508510247594007,3,0.13324082947672589,0,89,1,0,1864,54696,1293,0,42.26893353941267
0,0.670191807644686,1,0.05040426232345902,0,74,0,0,9,179,131,1,1.356060606060606
1,0.32380023104347555,1,0.02028376907766447,0,12,1,0,15,184,269,1,0.6814814814814815
1,0.26637904217312436,2,0.137834030521796,0,52,0,0,13,113,294,1,0.38305084745762713
1,0.1621886705321674,3,0.05332946957280114,1,55,1,0,1218,14019,1465,0,9.562755798090041
1,0.3633843959116214,1,0.24149669990423092,0,17,0,0,13,125,106,1,1.1682242990654206
1,0.3062062905660481,2,0.0679969206680964,0,64,0,0,16,382,281,1,1.3546099290780143
